FIPS code,State,County Name,Total: Disability Compensation Recipients,SCD rating: 0% to 20%,SCD rating: 30% to 40%,SCD rating: 50% to 60%,SCD rating: 70% to 90%,SCD rating: 100%,Age: 17-44,Age: 45-64,Age: 65 or older,Male,Female
1001,Alabama,Autauga,"2,949",420,250,346,924,"1,009",763,"1,278",908,"2,382",567
1003,Alabama,Baldwin,"7,650","1,590",780,909,"2,249","2,122","1,698","2,591","3,360","6,905",745
1005,Alabama,Barbour,646,102,48,75,207,214,108,240,298,564,82
1007,Alabama,Bibb,324,52,37,37,115,83,70,118,136,298,26
1009,Alabama,Blount,"1,088",182,132,146,342,286,288,326,474,"1,011",77
1011,Alabama,Bullock,223,36,21,32,58,76,51,73,99,190,33
1013,Alabama,Butler,501,89,45,52,141,174,86,193,222,440,61
1015,Alabama,Calhoun,"3,669",604,361,400,"1,174","1,130",660,"1,221","1,788","3,211",457
1017,Alabama,Chambers,811,149,71,78,271,242,162,267,382,742,69
1019,Alabama,Cherokee,576,119,61,66,174,156,98,171,307,524,52
1021,Alabama,Chilton,925,162,76,104,285,298,234,310,381,826,99
1023,Alabama,Choctaw,284,48,31,32,87,86,47,110,127,240,44
1025,Alabama,Clarke,557,116,55,53,180,153,80,228,249,489,68
1027,Alabama,Clay,303,48,27,40,105,83,61,103,139,287,16
1029,Alabama,Cleburne,246,44,19,35,74,74,44,74,128,228,18
1031,Alabama,Coffee,"4,257",495,344,415,"1,221","1,782","1,052","1,930","1,275","3,623",634
1033,Alabama,Colbert,"1,357",241,139,152,436,389,269,438,650,"1,244",112
1035,Alabama,Conecuh,376,65,24,38,134,115,68,139,169,330,46
1037,Alabama,Coosa,332,54,32,47,94,105,66,103,163,287,45
1039,Alabama,Covington,"1,097",222,109,144,348,274,230,329,538,979,118
1041,Alabama,Crenshaw,361,66,33,56,96,110,66,134,161,321,40
1043,Alabama,Cullman,"1,828",312,215,194,557,550,538,592,698,"1,657",171
1045,Alabama,Dale,"2,975",433,285,338,879,"1,040",645,"1,130","1,200","2,507",468
1047,Alabama,Dallas,881,159,86,98,272,266,150,318,413,724,157
1049,Alabama,DeKalb,"1,092",196,125,124,352,295,282,328,482,992,100
1051,Alabama,Elmore,"3,795",535,352,456,"1,138","1,314",859,"1,614","1,322","3,162",633
1053,Alabama,Escambia,843,169,99,103,249,223,141,297,405,744,99
1055,Alabama,Etowah,"2,401",460,250,287,780,624,503,752,"1,146","2,188",211
1057,Alabama,Fayette,362,48,40,43,121,110,93,127,142,327,35
1059,Alabama,Franklin,391,56,50,49,123,113,102,124,165,357,33
1061,Alabama,Geneva,"1,063",179,97,116,343,328,209,410,444,954,108
1063,Alabama,Greene,166,21,13,14,64,54,18,53,95,138,28
1065,Alabama,Hale,299,38,30,38,83,110,50,113,136,258,41
1067,Alabama,Henry,598,87,64,57,173,217,129,241,228,541,57
1069,Alabama,Houston,"3,679",530,323,385,"1,086","1,355",895,"1,416","1,368","3,229",450
1071,Alabama,Jackson,989,168,104,119,294,304,229,315,445,905,84
1073,Alabama,Jefferson,"11,464","1,966","1,169","1,352","3,466","3,511","2,490","4,007","4,967","9,711","1,751"
1075,Alabama,Lamar,267,34,34,42,83,74,49,91,127,253,14
1077,Alabama,Lauderdale,"2,074",394,223,225,628,604,472,620,982,"1,886",188
1079,Alabama,Lawrence,540,100,56,56,177,151,118,179,243,505,35
1081,Alabama,Lee,"5,822",687,388,530,"1,638","2,579","1,672","2,490","1,660","4,955",866
1083,Alabama,Limestone,"4,576",595,398,453,"1,304","1,826","1,254","2,094","1,228","3,898",678
1085,Alabama,Lowndes,329,40,25,35,104,125,78,123,127,264,64
1087,Alabama,Macon,612,75,57,53,194,233,92,202,318,541,71
1089,Alabama,Madison,"18,829","2,569","1,738","2,058","5,225","7,239","5,031","8,374","5,424","15,799","3,029"
1091,Alabama,Marengo,454,70,36,45,158,145,88,178,188,380,74
1093,Alabama,Marion,529,75,53,65,176,160,120,184,225,495,34
1095,Alabama,Marshall,"2,185",356,226,274,663,666,523,735,927,"1,989",196
1097,Alabama,Mobile,"10,124","2,207","1,068","1,296","2,922","2,631","2,172","3,589","4,363","8,848","1,273"
1099,Alabama,Monroe,507,94,50,62,155,146,110,183,214,441,66
1101,Alabama,Montgomery,"8,643","1,247",803,873,"2,594","3,126","1,862","3,399","3,382","6,616","2,027"
1103,Alabama,Morgan,"2,612",460,303,334,781,734,705,908,999,"2,337",275
1105,Alabama,Perry,213,33,14,19,63,84,31,92,90,190,23
1107,Alabama,Pickens,409,53,30,44,144,138,81,155,173,360,49
1109,Alabama,Pike,838,128,78,113,278,241,163,332,343,727,111
1111,Alabama,Randolph,507,107,56,61,143,140,87,153,267,456,51
1113,Alabama,Russell,"4,239",350,234,302,"1,176","2,177","1,271","1,944","1,024","3,321",918
1115,Alabama,St. Clair,"2,139",415,219,253,613,639,550,712,877,"1,902",237
1117,Alabama,Shelby,"4,390",855,410,502,"1,234","1,389","1,180","1,669","1,541","3,824",565
1119,Alabama,Sumter,208,23,24,23,77,61,29,86,93,178,30
1121,Alabama,Talladega,"1,949",363,189,214,622,561,397,697,855,"1,714",235
1123,Alabama,Tallapoosa,"1,140",192,93,135,359,361,181,366,593,"1,035",105
1125,Alabama,Tuscaloosa,"4,150",584,383,417,"1,373","1,393","1,048","1,525","1,577","3,523",627
1127,Alabama,Walker,"1,287",234,125,185,401,342,273,417,597,"1,187",100
1129,Alabama,Washington,383,83,45,41,117,97,63,123,197,357,26
1131,Alabama,Wilcox,179,30,24,23,53,49,30,69,80,155,24
1133,Alabama,Winston,481,102,38,57,150,134,92,174,215,452,28
2013,Alaska,Aleutians East,,,,,,,,,,,
2016,Alaska,Aleutians West,28,,,,,,11,,,,
2020,Alaska,Anchorage,"11,012","1,976","1,311","1,565","3,323","2,837","3,693","4,190","3,129","9,250","1,761"
2050,Alaska,Bethel,93,33,19,10,20,11,19,49,25,82,11
2060,Alaska,Bristol Bay,22,,,,,,,,11,,
2063,Alaska,Chugach,129,37,24,10,40,18,30,59,40,116,13
2066,Alaska,Copper River,82,32,,,17,14,,,49,,
2068,Alaska,Denali,71,17,,14,22,,27,28,16,,
2070,Alaska,Dillingham,43,18,,,,,,18,,,
2090,Alaska,Fairbanks North Star,"4,671",725,546,591,"1,505","1,304","1,907","1,837",927,"3,928",742
2100,Alaska,Haines,46,,,11,13,11,10,12,24,,
2105,Alaska,Hoonah-Angoon,34,15,,,,,,,23,,
2110,Alaska,Juneau,579,140,94,60,158,127,163,250,166,521,58
2122,Alaska,Kenai Peninsula,"1,830",424,196,215,534,461,393,619,818,"1,639",191
2130,Alaska,Ketchikan Gateway,235,54,31,42,62,46,55,92,88,210,25
2150,Alaska,Kodiak Island,361,67,36,38,108,112,114,159,88,318,43
2158,Alaska,Kusilvak,35,18,,,,,,,19,,
2164,Alaska,Lake and Peninsula,14,,,,,,,,,,
2170,Alaska,Matanuska-Susitna,"5,752",858,575,744,"1,763","1,812","2,000","2,349","1,403","4,921",831
2180,Alaska,Nome,50,14,,,12,,13,17,20,,
2185,Alaska,North Slope,18,,,,,,,,,,
2188,Alaska,Northwest Arctic,24,12,,,,,,,13,,
2195,Alaska,Petersburg,56,12,,,18,11,15,20,21,,
2198,Alaska,Prince of Wales-Hyder,145,48,17,13,37,30,30,41,74,135,10
2220,Alaska,Sitka,140,32,22,17,44,25,31,52,57,126,14
2230,Alaska,Skagway,16,,,,,,,,,,
2240,Alaska,Southeast Fairbanks,369,69,34,60,118,88,110,158,101,324,45
2275,Alaska,Wrangell,46,13,,,11,,10,13,23,,
2282,Alaska,Yakutat,13,,,,,,,,,,
2290,Alaska,Yukon-Koyukuk,65,14,,,16,14,10,32,23,,
4001,Arizona,Apache,"1,151",218,127,140,349,317,231,310,610,"1,008",143
4003,Arizona,Cochise,"8,672","1,426",961,"1,044","2,535","2,706","1,769","3,345","3,558","7,318","1,353"
4005,Arizona,Coconino,"2,150",487,260,280,619,504,768,629,753,"1,870",280
4007,Arizona,Gila,"1,320",335,145,142,369,329,166,293,861,"1,211",109
4009,Arizona,Graham,508,123,72,60,143,110,120,166,222,472,36
4011,Arizona,Greenlee,121,30,14,25,34,18,34,29,58,111,10
4012,Arizona,La Paz,588,138,69,80,179,122,51,115,422,550,38
4013,Arizona,Maricopa,"78,855","15,671","8,682","9,424","23,392","21,686","27,387","24,618","26,850","69,155","9,696"
4015,Arizona,Mohave,"6,819","1,412",740,771,"1,994","1,902","1,087","1,650","4,082","6,265",553
4017,Arizona,Navajo,"2,121",462,210,251,657,541,465,622,"1,034","1,893",228
4019,Arizona,Pima,"28,920","5,792","3,405","3,578","8,450","7,695","7,856","9,761","11,303","24,971","3,942"
4021,Arizona,Pinal,"12,664","2,510","1,371","1,498","3,904","3,381","3,935","3,638","5,091","11,171","1,491"
4023,Arizona,Santa Cruz,695,127,63,95,214,196,193,241,261,625,70
4025,Arizona,Yavapai,"8,155","1,823",932,954,"2,202","2,244","1,545","1,958","4,652","7,399",756
4027,Arizona,Yuma,"6,324","1,052",669,715,"1,923","1,965","2,156","1,976","2,192","5,671",651
5001,Arkansas,Arkansas,247,35,28,32,83,69,41,90,116,230,17
5003,Arkansas,Ashley,348,50,36,36,117,109,57,115,176,320,28
5005,Arkansas,Baxter,"1,407",223,138,158,444,444,244,419,744,"1,273",134
5007,Arkansas,Benton,"5,517",997,563,678,"1,751","1,528","1,856","1,805","1,856","4,917",600
5009,Arkansas,Boone,880,141,95,90,305,249,218,279,383,815,65
5011,Arkansas,Bradley,140,15,15,12,53,45,18,54,68,128,12
5013,Arkansas,Calhoun,92,,,15,38,21,19,38,35,76,16
5015,Arkansas,Carroll,602,115,62,91,186,148,102,183,317,554,48
5017,Arkansas,Chicot,187,26,12,20,75,54,18,69,100,170,17
5019,Arkansas,Clark,366,63,39,44,119,101,80,105,181,337,29
5021,Arkansas,Clay,283,53,37,36,82,75,52,91,140,267,16
5023,Arkansas,Cleburne,791,103,87,86,262,253,132,248,411,712,79
5025,Arkansas,Cleveland,148,23,16,13,52,44,26,48,74,132,16
5027,Arkansas,Columbia,326,51,33,46,97,99,77,95,154,281,45
5029,Arkansas,Conway,469,76,40,46,164,143,88,179,202,421,48
5031,Arkansas,Craighead,"1,674",286,134,207,517,530,498,516,660,"1,530",144
5033,Arkansas,Crawford,"1,521",225,138,188,532,438,367,543,611,"1,370",151
5035,Arkansas,Crittenden,839,155,84,107,264,229,182,306,351,725,114
5037,Arkansas,Cross,267,39,24,34,90,80,61,100,106,245,21
5039,Arkansas,Dallas,112,25,10,12,35,30,19,39,54,100,12
5041,Arkansas,Desha,173,18,15,28,62,50,33,62,78,150,22
5043,Arkansas,Drew,303,38,31,34,106,94,65,100,138,270,33
5045,Arkansas,Faulkner,"2,885",439,279,347,948,872,825,"1,083",977,"2,569",316
5047,Arkansas,Franklin,428,72,28,54,139,135,98,150,180,398,30
5049,Arkansas,Fulton,436,94,42,48,135,117,80,144,212,405,31
5051,Arkansas,Garland,"2,395",459,244,299,751,642,453,806,"1,136","2,131",264
5053,Arkansas,Grant,434,64,44,42,162,122,124,166,144,384,50
5055,Arkansas,Greene,920,125,94,105,306,290,208,282,430,875,45
5057,Arkansas,Hempstead,285,58,28,45,99,55,51,89,145,253,32
5059,Arkansas,Hot Spring,688,101,69,84,243,191,146,248,294,635,53
5061,Arkansas,Howard,178,38,28,16,49,47,30,64,84,158,20
5063,Arkansas,Independence,755,118,82,89,236,230,166,236,353,701,54
5065,Arkansas,Izard,430,70,39,56,134,131,88,135,207,395,35
5067,Arkansas,Jackson,202,38,11,25,65,63,45,63,94,,
5069,Arkansas,Jefferson,"1,550",213,120,166,537,514,237,579,734,"1,361",189
5071,Arkansas,Johnson,542,88,69,60,171,154,128,190,224,498,44
5073,Arkansas,Lafayette,113,21,19,12,33,28,18,33,62,,
5075,Arkansas,Lawrence,278,48,36,42,82,70,67,83,128,256,22
5077,Arkansas,Lee,92,15,11,11,30,25,13,29,50,,
5079,Arkansas,Lincoln,188,37,26,16,67,42,42,58,88,167,21
5081,Arkansas,Little River,244,50,24,26,76,68,60,70,114,219,25
5083,Arkansas,Logan,529,77,49,71,179,153,120,186,223,489,40
5085,Arkansas,Lonoke,"3,598",455,319,416,"1,227","1,181","1,004","1,571","1,023","3,122",476
5087,Arkansas,Madison,375,54,34,41,137,109,98,124,153,350,25
5089,Arkansas,Marion,582,105,57,56,177,187,113,171,298,525,57
5091,Arkansas,Miller,836,153,84,100,271,228,193,284,359,740,96
5093,Arkansas,Mississippi,589,111,67,76,192,143,86,200,303,537,52
5095,Arkansas,Monroe,134,18,10,22,49,35,20,36,78,120,14
5097,Arkansas,Montgomery,223,39,16,30,80,58,32,68,123,204,19
5099,Arkansas,Nevada,168,26,17,17,58,50,32,71,65,148,20
5101,Arkansas,Newton,161,24,11,20,57,49,32,48,81,140,21
5103,Arkansas,Ouachita,511,72,43,57,171,168,92,174,245,466,45
5105,Arkansas,Perry,251,27,27,32,92,73,40,97,114,231,20
5107,Arkansas,Phillips,233,45,31,22,70,65,34,85,114,207,26
5109,Arkansas,Pike,181,25,20,27,52,57,32,61,88,168,13
5111,Arkansas,Poinsett,368,76,37,36,113,106,84,115,169,345,23
5113,Arkansas,Polk,598,110,58,74,197,159,132,183,283,542,56
5115,Arkansas,Pope,"1,305",227,158,173,398,349,356,413,536,"1,183",122
5117,Arkansas,Prairie,161,31,15,15,53,47,24,56,81,150,11
5119,Arkansas,Pulaski,"11,096","1,646","1,130","1,252","3,632","3,436","2,591","4,069","4,436","9,247","1,846"
5121,Arkansas,Randolph,439,70,43,56,127,143,82,146,211,408,31
5123,Arkansas,St. Francis,383,74,41,45,117,106,39,137,207,347,36
5125,Arkansas,Saline,"3,352",534,344,416,"1,005","1,053",841,"1,277","1,234","2,918",434
5127,Arkansas,Scott,223,35,25,26,67,70,47,76,100,202,21
5129,Arkansas,Searcy,243,35,23,29,82,74,44,83,116,216,27
5131,Arkansas,Sebastian,"2,860",469,290,364,927,810,711,"1,023","1,126","2,593",267
5133,Arkansas,Sevier,212,41,30,21,75,45,48,68,96,198,14
5135,Arkansas,Sharp,618,98,58,70,208,184,100,217,301,549,69
5137,Arkansas,Stone,343,43,28,37,123,112,52,117,174,300,43
5139,Arkansas,Union,637,113,65,80,182,197,120,209,308,574,63
5141,Arkansas,Van Buren,521,80,67,70,156,148,83,160,278,466,55
5143,Arkansas,Washington,"3,958",692,416,479,"1,204","1,167","1,310","1,317","1,331","3,506",452
5145,Arkansas,White,"2,065",315,201,252,679,618,484,761,820,"1,848",217
5147,Arkansas,Woodruff,106,16,,,37,31,16,32,58,,
5149,Arkansas,Yell,395,56,49,53,129,108,80,138,177,352,43
6001,California,Alameda,"10,203","2,196","1,143","1,238","2,911","2,715","3,321","2,698","4,184","9,039","1,162"
6003,California,Alpine,14,,,,,,,,,,
6005,California,Amador,"1,074",316,122,113,290,233,208,264,602,"1,001",73
6007,California,Butte,"3,769",838,442,448,"1,144",897,"1,164",883,"1,722","3,410",359
6009,California,Calaveras,"1,205",287,127,144,335,312,261,274,670,"1,090",114
6011,California,Colusa,247,86,27,22,69,43,71,52,124,224,23
6013,California,Contra Costa,"11,188","2,635","1,172","1,201","2,966","3,214","3,098","3,203","4,887","10,087","1,095"
6015,California,Del Norte,591,153,68,69,167,134,134,163,294,541,50
6017,California,El Dorado,"3,767","1,024",422,406,"1,032",883,882,961,"1,924","3,437",330
6019,California,Fresno,"12,882","3,248","1,250","1,455","3,856","3,073","4,153","3,353","5,376","11,773","1,109"
6021,California,Glenn,333,84,38,37,110,64,96,68,169,306,27
6023,California,Humboldt,"2,032",489,214,196,640,493,495,480,"1,057","1,845",187
6025,California,Imperial,"2,544",495,243,279,780,747,930,917,697,"2,379",165
6027,California,Inyo,294,67,38,38,82,69,69,63,162,271,23
6029,California,Kern,"13,536","2,885","1,356","1,643","4,169","3,483","4,976","4,025","4,535","12,141","1,391"
6031,California,Kings,"4,195",907,399,455,"1,261","1,173","1,516","1,450","1,229","3,578",617
6033,California,Lake,"1,517",328,171,160,407,451,241,327,949,"1,412",105
6035,California,Lassen,741,206,80,86,194,175,222,229,290,682,59
6037,California,Los Angeles,"73,230","14,766","6,642","7,628","23,053","21,141","27,690","21,670","23,870","65,647","7,568"
6039,California,Madera,"2,600",638,291,298,761,612,788,628,"1,184","2,345",255
6041,California,Marin,"1,711",472,204,194,391,450,299,387,"1,025","1,586",124
6043,California,Mariposa,430,131,45,46,117,91,93,81,256,397,33
6045,California,Mendocino,"1,349",370,113,114,416,336,211,297,841,"1,261",88
6047,California,Merced,"3,020",750,297,360,933,680,"1,018",676,"1,326","2,750",270
6049,California,Modoc,201,45,27,18,59,52,37,55,109,190,11
6051,California,Mono,157,34,12,14,56,41,66,40,51,131,26
6053,California,Monterey,"5,683","1,125",645,678,"1,729","1,506","1,430","1,692","2,561","4,995",688
6055,California,Napa,"2,035",576,205,208,491,555,378,447,"1,210","1,890",145
6057,California,Nevada,"2,146",577,226,227,590,526,439,508,"1,199","1,953",192
6059,California,Orange,"26,492","5,855","2,774","2,848","7,742","7,273","9,919","7,279","9,294","24,239","2,249"
6061,California,Placer,"8,796","2,028",985,"1,005","2,458","2,320","2,508","2,562","3,726","7,946",847
6063,California,Plumas,489,156,52,47,135,99,75,108,306,463,26
6065,California,Riverside,"50,395","8,265","3,947","4,573","14,001","19,609","17,234","17,382","15,779","44,647","5,739"
6067,California,Sacramento,"22,835","4,960","2,630","2,602","6,706","5,937","7,077","6,618","9,140","20,000","2,832"
6069,California,San Benito,892,161,79,102,290,260,304,237,351,819,73
6071,California,San Bernardino,"32,294","6,095","2,940","3,268","9,875","10,116","11,939","9,483","10,872","28,898","3,393"
6073,California,San Diego,"98,159","15,874","9,364","10,303","27,264","35,354","37,669","33,812","26,678","84,275","13,882"
6075,California,San Francisco,"4,333",903,431,420,"1,259","1,320","1,628","1,146","1,559","3,816",515
6077,California,San Joaquin,"9,131","1,843",906,"1,060","2,745","2,577","2,791","2,658","3,682","8,215",916
6079,California,San Luis Obispo,"4,461","1,236",507,499,"1,132","1,087","1,022","1,157","2,282","4,086",373
6081,California,San Mateo,"4,240",933,442,449,"1,141","1,275","1,327","1,150","1,763","3,849",390
6083,California,Santa Barbara,"6,034","1,386",640,655,"1,695","1,658","1,808","1,727","2,499","5,394",639
6085,California,Santa Clara,"9,813","2,064","1,090","1,146","2,887","2,626","3,335","2,499","3,979","8,915",898
6087,California,Santa Cruz,"2,230",440,206,296,698,590,492,519,"1,219","2,061",168
6089,California,Shasta,"4,575","1,014",508,574,"1,359","1,120","1,167","1,110","2,298","4,139",436
6091,California,Sierra,67,18,10,10,17,12,11,12,44,,
6093,California,Siskiyou,"1,006",270,119,136,265,216,187,256,563,931,75
6095,California,Solano,"13,981","2,828","1,450","1,529","3,744","4,430","3,227","4,420","6,333","12,062","1,918"
6097,California,Sonoma,"5,304","1,331",531,531,"1,456","1,455","1,222","1,272","2,810","4,784",519
6099,California,Stanislaus,"6,048","1,382",639,700,"1,852","1,475","2,002","1,478","2,568","5,516",532
6101,California,Sutter,"1,890",420,216,207,574,473,546,553,791,"1,680",210
6103,California,Tehama,"1,369",357,154,149,383,326,325,320,724,"1,250",119
6105,California,Trinity,339,99,42,29,80,89,54,74,211,315,24
6107,California,Tulare,"5,929","1,657",620,713,"1,727","1,212","1,935","1,546","2,448","5,478",450
6109,California,Tuolumne,"1,173",271,127,138,348,289,270,271,632,"1,086",87
6111,California,Ventura,"12,095","2,437","1,168","1,285","3,474","3,731","3,836","3,663","4,596","10,923","1,170"
6113,California,Yolo,"2,563",674,273,305,686,625,792,769,"1,002","2,245",318
6115,California,Yuba,"2,546",455,262,281,813,735,937,799,810,"2,158",388
8001,Colorado,Adams,"7,698","1,590",978,"1,022","2,396","1,712","3,220","2,164","2,314","6,701",997
8003,Colorado,Alamosa,282,54,27,35,88,78,73,81,128,255,27
8005,Colorado,Arapahoe,"12,060","2,471","1,612","1,679","3,490","2,808","4,436","3,772","3,852","10,209","1,850"
8007,Colorado,Archuleta,332,75,34,41,101,81,69,87,176,291,41
8009,Colorado,Baca,45,10,,,17,,,,30,,
8011,Colorado,Bent,136,38,11,13,36,38,11,37,88,,
8013,Colorado,Boulder,"3,009",725,437,411,824,612,"1,197",785,"1,027","2,612",396
8014,Colorado,Broomfield,"1,178",253,164,163,350,248,542,298,338,"1,047",130
8015,Colorado,Chaffee,401,93,59,44,105,100,82,119,200,354,47
8017,Colorado,Cheyenne,26,,,,,,,,10,,
8019,Colorado,Clear Creek,160,40,19,31,36,34,42,53,65,143,17
8021,Colorado,Conejos,135,26,14,15,39,41,15,39,81,125,10
8023,Colorado,Costilla,148,26,11,18,45,48,21,47,80,135,13
8025,Colorado,Crowley,99,19,,,29,30,16,30,53,87,12
8027,Colorado,Custer,323,79,32,35,76,101,54,110,159,287,36
8029,Colorado,Delta,979,289,125,110,242,213,161,236,582,886,93
8031,Colorado,Denver,"7,684","1,557",996,"1,096","2,251","1,784","3,430","1,966","2,288","6,552","1,131"
8033,Colorado,Dolores,56,,,,18,17,13,19,24,,
8035,Colorado,Douglas,"7,654","1,502",948,"1,074","2,225","1,905","2,867","2,930","1,857","6,685",967
8037,Colorado,Eagle,318,87,42,38,81,70,95,99,124,276,42
8039,Colorado,Elbert,932,169,111,108,304,240,326,321,285,806,126
8041,Colorado,El Paso,"52,489","7,178","5,463","6,562","16,118","17,168","20,354","20,062","12,073","43,291","9,195"
8043,Colorado,Fremont,"1,660",317,182,204,498,459,418,523,719,"1,472",188
8045,Colorado,Garfield,689,195,103,98,171,122,183,185,321,629,60
8047,Colorado,Gilpin,129,25,17,16,36,35,30,48,51,115,14
8049,Colorado,Grand,219,63,37,23,42,54,52,45,122,195,24
8051,Colorado,Gunnison,196,55,19,31,53,38,56,53,87,178,18
8053,Colorado,Hinsdale,18,,,,,,,,,,
8055,Colorado,Huerfano,248,44,24,25,81,74,32,69,147,223,25
8057,Colorado,Jackson,22,,,,,,,,,,
8059,Colorado,Jefferson,"8,678","2,081","1,245","1,176","2,365","1,811","3,001","2,410","3,267","7,642","1,034"
8061,Colorado,Kiowa,28,,,,,,,,13,,
8063,Colorado,Kit Carson,82,20,,,24,16,20,25,37,,
8065,Colorado,Lake,98,22,11,10,28,27,33,28,37,80,18
8067,Colorado,La Plata,916,210,100,128,264,214,243,287,386,816,100
8069,Colorado,Larimer,"6,780","1,765",875,884,"1,826","1,430","2,512","1,734","2,534","5,992",786
8071,Colorado,Las Animas,384,71,32,36,107,138,63,115,206,344,40
8073,Colorado,Lincoln,112,16,14,19,34,29,35,29,48,98,14
8075,Colorado,Logan,348,101,42,53,86,66,77,103,168,317,31
8077,Colorado,Mesa,"5,370","1,622",680,650,"1,327","1,091","1,313","1,531","2,526","4,820",550
8079,Colorado,Mineral,24,,,,11,,,,,,
8081,Colorado,Moffat,282,83,30,41,73,55,70,75,137,257,25
8083,Colorado,Montezuma,788,208,102,101,203,174,155,224,409,709,79
8085,Colorado,Montrose,"1,134",385,140,118,260,231,241,278,615,"1,032",102
8087,Colorado,Morgan,331,79,42,49,97,64,96,96,139,299,32
8089,Colorado,Otero,398,84,44,53,107,110,81,110,207,362,36
8091,Colorado,Ouray,119,38,13,14,32,22,31,27,61,109,10
8093,Colorado,Park,556,119,51,61,162,163,143,182,231,486,70
8095,Colorado,Phillips,60,14,,11,19,,17,14,29,,
8097,Colorado,Pitkin,83,32,,,17,15,19,24,40,,
8099,Colorado,Prowers,220,73,20,22,55,50,37,54,129,,
8101,Colorado,Pueblo,"5,446",881,522,624,"1,735","1,684","1,627","1,638","2,181","4,798",648
8103,Colorado,Rio Blanco,145,51,24,21,25,24,35,33,77,132,13
8105,Colorado,Rio Grande,257,51,24,29,78,75,44,81,132,235,22
8107,Colorado,Routt,252,78,35,31,64,44,51,73,128,234,18
8109,Colorado,Saguache,117,21,,,32,43,22,37,58,100,17
8111,Colorado,San Juan,17,,,,,,,,,,
8113,Colorado,San Miguel,72,23,12,10,17,10,23,21,28,61,11
8115,Colorado,Sedgwick,43,13,,,,12,,,32,,
8117,Colorado,Summit,257,64,31,42,75,45,88,84,85,224,33
8119,Colorado,Teller,"1,342",241,128,156,381,436,322,513,507,"1,174",168
8121,Colorado,Washington,73,,13,,22,19,15,26,32,,
8123,Colorado,Weld,"6,067","1,394",753,805,"1,752","1,363","2,421","1,731","1,915","5,389",678
8125,Colorado,Yuma,86,19,18,10,23,16,13,21,52,,
9110,Connecticut,Capitol,"10,233","2,724","1,314","1,236","2,688","2,271","3,135","2,920","4,178","9,094","1,137"
9120,Connecticut,Greater Bridgeport,"1,828",467,223,241,505,392,534,494,800,"1,633",195
9130,Connecticut,Lower Connecticut River Valley,"2,303",602,318,304,603,476,672,629,"1,002","2,090",213
9140,Connecticut,Naugatuck Valley,"4,551","1,150",579,564,"1,282",976,"1,507","1,152","1,892","4,147",402
9150,Connecticut,Northeastern Connecticut,"1,861",459,225,245,537,395,520,580,761,"1,710",149
9160,Connecticut,Northwest Hills,"1,340",346,197,160,331,306,377,318,645,"1,228",112
9170,Connecticut,South Central Connecticut,"5,542","1,408",660,659,"1,500","1,315","1,629","1,419","2,494","4,981",560
9180,Connecticut,Southeastern Connecticut,"6,329","1,411",763,900,"1,932","1,323","2,044","2,204","2,081","5,641",688
9190,Connecticut,Western Connecticut,"2,833",728,346,346,754,659,866,690,"1,277","2,607",225
10001,Delaware,Kent,"7,050","1,148",733,882,"2,275","2,012","1,646","2,736","2,667","5,860","1,189"
10003,Delaware,New Castle,"7,491","1,475",841,890,"2,352","1,933","1,871","2,566","3,054","6,422","1,069"
10005,Delaware,Sussex,"4,953","1,081",567,615,"1,453","1,237",834,"1,294","2,825","4,390",561
11001,District Of Columbia,District Of Columbia,"7,384","1,294",828,925,"2,196","2,141","2,824","2,496","2,064","5,925","1,459"
12001,Florida,Alachua,"5,640","1,133",618,695,"1,621","1,573","1,476","1,876","2,288","4,834",803
12003,Florida,Baker,807,148,80,90,241,248,210,293,304,728,79
12005,Florida,Bay,"10,325","1,911","1,063","1,120","2,872","3,359","2,378","4,180","3,767","8,811","1,514"
12007,Florida,Bradford,891,183,92,109,249,258,197,321,373,805,86
12009,Florida,Brevard,"29,014","5,240","2,806","3,196","8,600","9,172","6,905","10,593","11,516","25,088","3,924"
12011,Florida,Broward,"21,025","3,755","2,044","2,223","6,388","6,615","6,942","7,408","6,675","18,035","2,984"
12013,Florida,Calhoun,335,59,36,37,114,89,82,119,134,291,44
12015,Florida,Charlotte,"6,720","1,605",652,726,"1,996","1,741",976,"1,813","3,931","6,131",589
12017,Florida,Citrus,"6,667","1,362",732,731,"1,970","1,872","1,070","1,976","3,621","5,952",715
12019,Florida,Clay,"15,187","2,321","1,351","1,593","4,165","5,757","3,754","6,801","4,632","12,637","2,550"
12021,Florida,Collier,"4,776","1,183",538,532,"1,359","1,164",837,"1,112","2,827","4,418",358
12023,Florida,Columbia,"2,806",557,299,331,820,799,557,926,"1,323","2,494",312
12027,Florida,DeSoto,547,129,56,67,152,143,98,115,334,500,47
12029,Florida,Dixie,460,81,52,54,153,120,68,129,263,417,43
12031,Florida,Duval,"37,487","6,337","3,750","4,042","10,977","12,381","11,403","15,449","10,635","30,566","6,918"
12033,Florida,Escambia,"17,646","3,425","1,910","2,067","5,277","4,967","4,208","6,711","6,727","14,800","2,845"
12035,Florida,Flagler,"4,878",929,402,490,"1,412","1,645",995,"1,615","2,268","4,343",534
12037,Florida,Franklin,294,64,37,38,67,88,37,84,173,273,21
12039,Florida,Gadsden,"1,143",184,106,136,350,367,195,399,549,992,151
12041,Florida,Gilchrist,561,107,53,69,164,168,137,184,240,500,61
12043,Florida,Glades,347,85,40,45,103,74,30,76,241,322,25
12045,Florida,Gulf,545,121,58,63,155,148,76,197,272,478,67
12047,Florida,Hamilton,359,66,27,40,102,124,89,110,160,310,49
12049,Florida,Hardee,262,72,28,31,73,58,61,73,128,244,18
12051,Florida,Hendry,561,139,57,61,178,126,140,158,263,498,63
12053,Florida,Hernando,"7,595","1,302",763,794,"2,376","2,360","1,765","2,306","3,524","6,692",903
12055,Florida,Highlands,"2,978",693,311,344,870,760,438,747,"1,793","2,688",290
12057,Florida,Hillsborough,"42,212","6,195","3,889","4,503","11,680","15,945","12,488","17,487","12,237","34,923","7,287"
12059,Florida,Holmes,628,108,62,75,214,169,119,208,301,584,44
12061,Florida,Indian River,"4,382",973,447,523,"1,270","1,169",671,"1,080","2,631","3,987",392
12063,Florida,Jackson,"1,489",217,158,193,471,450,289,498,702,"1,329",160
12065,Florida,Jefferson,396,73,48,42,129,104,80,132,184,349,47
12067,Florida,Lafayette,190,44,17,24,53,52,39,62,89,171,19
12069,Florida,Lake,"12,521","2,567","1,222","1,358","3,642","3,732","2,755","3,779","5,987","11,165","1,355"
12071,Florida,Lee,"14,600","3,397","1,615","1,702","4,155","3,731","3,292","4,028","7,280","13,222","1,377"
12073,Florida,Leon,"5,212","1,048",569,601,"1,524","1,470","1,467","1,778","1,967","4,378",833
12075,Florida,Levy,"1,601",312,166,217,467,439,315,481,805,"1,413",188
12077,Florida,Liberty,140,31,12,13,46,38,24,45,71,126,14
12079,Florida,Madison,477,97,50,57,136,137,74,146,257,428,49
12081,Florida,Manatee,"9,340","1,913",979,"1,049","2,623","2,776","2,139","2,981","4,220","8,274","1,066"
12083,Florida,Marion,"12,993","2,640","1,352","1,457","3,748","3,796","2,659","3,656","6,678","11,511","1,482"
12085,Florida,Martin,"2,998",772,332,345,816,733,614,749,"1,635","2,771",227
12086,Florida,Miami-Dade,"17,755","2,968","1,611","1,724","5,557","5,895","6,579","6,026","5,150","15,609","2,145"
12087,Florida,Monroe,"2,159",447,252,243,590,627,544,881,734,"1,888",269
12089,Florida,Nassau,"4,419",757,432,498,"1,283","1,449","1,187","1,781","1,451","3,835",584
12091,Florida,Okaloosa,"20,103","3,402","2,057","2,222","5,659","6,763","5,630","8,408","6,065","16,695","3,408"
12093,Florida,Okeechobee,892,196,92,121,275,208,157,203,532,836,56
12095,Florida,Orange,"25,427","4,095","2,405","2,654","7,639","8,634","8,395","9,050","7,982","21,673","3,751"
12097,Florida,Osceola,"10,041","1,258",784,962,"3,007","4,030","3,135","3,781","3,125","8,677","1,363"
12099,Florida,Palm Beach,"16,795","3,435","1,681","1,846","4,851","4,982","4,488","4,954","7,353","14,991","1,801"
12101,Florida,Pasco,"19,524","3,306","1,862","2,079","5,578","6,699","5,469","6,865","7,190","16,868","2,656"
12103,Florida,Pinellas,"22,567","4,501","2,485","2,553","6,662","6,366","5,341","7,363","9,863","19,522","3,045"
12105,Florida,Polk,"18,998","3,594","1,881","2,078","5,605","5,840","5,046","6,145","7,807","16,541","2,454"
12107,Florida,Putnam,"2,551",477,261,297,755,761,430,776,"1,345","2,275",276
12109,Florida,St. Johns,"10,745","1,741",976,"1,120","2,788","4,120","2,928","4,519","3,298","9,252","1,492"
12111,Florida,St. Lucie,"8,864","1,770",764,960,"2,711","2,659","2,210","2,705","3,949","7,758","1,106"
12113,Florida,Santa Rosa,"16,434","2,620","1,618","1,761","4,707","5,728","4,347","7,609","4,478","13,884","2,550"
12115,Florida,Sarasota,"8,882","2,130",992,"1,020","2,400","2,340","1,624","2,256","5,002","8,125",755
12117,Florida,Seminole,"9,847","1,940","1,022","1,125","2,890","2,870","3,134","3,216","3,497","8,561","1,286"
12119,Florida,Sumter,"6,376","1,624",764,727,"1,648","1,613",422,"1,339","4,615","5,761",613
12121,Florida,Suwannee,"1,399",244,137,174,417,427,287,447,665,"1,257",142
12123,Florida,Taylor,533,114,53,54,163,149,94,197,242,486,47
12125,Florida,Union,344,83,38,28,114,81,68,110,166,310,34
12127,Florida,Volusia,"18,805","4,302","1,890","2,024","5,247","5,342","4,441","5,387","8,977","16,727","2,077"
12129,Florida,Wakulla,"1,215",230,121,158,346,360,315,477,423,"1,058",157
12131,Florida,Walton,"3,437",693,331,395,903,"1,115",825,"1,317","1,295","2,975",462
12133,Florida,Washington,867,149,89,112,247,270,163,320,384,777,90
13001,Georgia,Appling,311,51,34,43,95,88,81,110,120,278,33
13003,Georgia,Atkinson,86,11,11,13,31,20,18,32,36,,
13005,Georgia,Bacon,154,29,19,24,38,44,50,39,65,134,20
13007,Georgia,Baker,64,,,,26,24,10,17,37,54,10
13009,Georgia,Baldwin,933,154,82,111,287,299,207,300,426,806,127
13011,Georgia,Banks,367,71,47,33,116,100,112,98,157,336,31
13013,Georgia,Barrow,"1,591",291,177,182,510,431,574,521,496,"1,346",245
13015,Georgia,Bartow,"2,277",446,223,264,685,659,750,664,863,"2,012",265
13017,Georgia,Ben Hill,323,49,24,41,108,101,70,96,157,290,33
13019,Georgia,Berrien,498,76,53,51,180,138,146,182,170,423,75
13021,Georgia,Bibb,"4,178",749,381,448,"1,399","1,201",929,"1,520","1,729","3,511",667
13023,Georgia,Bleckley,357,60,35,28,129,105,85,137,135,315,42
13025,Georgia,Brantley,443,87,51,44,158,103,121,153,169,406,37
13027,Georgia,Brooks,425,74,46,55,130,120,94,123,208,372,53
13029,Georgia,Bryan,"3,301",326,224,298,984,"1,469","1,280","1,524",497,"2,696",605
13031,Georgia,Bulloch,"1,650",207,166,198,606,473,589,604,457,"1,396",254
13033,Georgia,Burke,617,102,48,68,196,203,165,225,227,516,101
13035,Georgia,Butts,541,103,59,64,148,167,136,189,216,464,77
13037,Georgia,Calhoun,121,,,11,44,49,22,44,55,106,15
13039,Georgia,Camden,"4,108",622,390,477,"1,299","1,320","1,258","1,836","1,014","3,591",517
13043,Georgia,Candler,218,36,36,27,62,57,52,68,98,186,32
13045,Georgia,Carroll,"2,328",466,227,278,712,645,733,770,825,"1,993",335
13047,Georgia,Catoosa,"1,351",271,137,153,439,351,363,413,575,"1,234",117
13049,Georgia,Charlton,295,72,31,32,88,72,71,94,130,259,36
13051,Georgia,Chatham,"10,532","1,384","1,023","1,146","3,495","3,484","4,012","3,746","2,774","8,419","2,113"
13053,Georgia,Chattahoochee,404,54,44,38,135,133,186,144,74,317,87
13055,Georgia,Chattooga,430,104,49,51,122,104,82,121,227,390,40
13057,Georgia,Cherokee,"5,106","1,036",578,631,"1,430","1,431","1,540","1,621","1,945","4,527",578
13059,Georgia,Clarke,"1,308",277,152,156,392,331,369,389,550,"1,129",178
13061,Georgia,Clay,80,16,,,30,15,14,21,45,,
13063,Georgia,Clayton,"7,518","1,190",669,781,"2,466","2,412","1,892","3,018","2,608","5,692","1,826"
13065,Georgia,Clinch,109,22,18,12,29,28,17,41,51,87,22
13067,Georgia,Cobb,"13,189","2,318","1,316","1,480","4,025","4,050","4,011","5,002","4,176","10,789","2,400"
13069,Georgia,Coffee,645,114,63,66,214,188,164,230,251,551,94
13071,Georgia,Colquitt,644,109,59,91,223,162,157,212,275,572,72
13073,Georgia,Columbia,"11,981","1,123",922,"1,181","3,520","5,235","4,020","5,379","2,582","9,066","2,914"
13075,Georgia,Cook,434,63,48,50,138,135,117,149,168,376,58
13077,Georgia,Coweta,"4,367",852,476,498,"1,226","1,315","1,243","1,687","1,437","3,759",608
13079,Georgia,Crawford,359,56,43,55,99,106,67,132,160,322,37
13081,Georgia,Crisp,346,51,39,41,106,109,80,106,160,299,47
13083,Georgia,Dade,333,79,32,39,90,93,83,104,146,303,30
13085,Georgia,Dawson,604,114,65,76,170,179,192,181,231,556,48
13087,Georgia,Decatur,614,90,55,83,184,202,170,217,227,534,80
13089,Georgia,DeKalb,"12,764","2,251","1,226","1,362","4,091","3,834","3,584","4,681","4,499","9,999","2,763"
13091,Georgia,Dodge,399,66,44,50,127,112,88,165,146,357,42
13093,Georgia,Dooly,194,32,20,21,63,58,41,66,87,165,29
13095,Georgia,Dougherty,"2,616",345,212,265,848,946,563,"1,022","1,031","2,169",447
13097,Georgia,Douglas,"4,490",644,352,391,"1,409","1,694","1,173","2,031","1,286","3,488","1,002"
13099,Georgia,Early,251,29,26,25,79,92,69,92,90,226,25
13101,Georgia,Echols,41,,,,10,12,17,12,12,,
13103,Georgia,Effingham,"2,986",388,255,328,"1,006","1,009","1,230","1,157",599,"2,553",433
13105,Georgia,Elbert,391,73,38,40,138,102,73,111,207,348,43
13107,Georgia,Emanuel,406,69,41,41,137,118,86,147,173,359,47
13109,Georgia,Evans,206,29,23,35,66,53,46,66,94,185,21
13111,Georgia,Fannin,702,163,81,85,186,187,95,192,415,647,54
13113,Georgia,Fayette,"4,339",852,426,466,"1,209","1,386",821,"1,770","1,748","3,679",659
13115,Georgia,Floyd,"1,686",363,183,212,498,430,415,474,797,"1,497",189
13117,Georgia,Forsyth,"2,759",595,305,327,762,770,753,"1,004","1,001","2,463",295
13119,Georgia,Franklin,412,84,45,48,119,116,119,107,186,373,39
13121,Georgia,Fulton,"15,316","2,354","1,451","1,564","4,804","5,143","5,119","5,720","4,477","11,969","3,345"
13123,Georgia,Gilmer,795,190,88,88,223,206,138,226,431,731,63
13125,Georgia,Glascock,48,,,,15,15,10,20,18,,
13127,Georgia,Glynn,"2,513",480,228,282,835,688,602,978,933,"2,166",347
13129,Georgia,Gordon,934,178,104,116,292,244,276,274,384,867,66
13131,Georgia,Grady,494,83,58,60,154,139,123,153,218,446,48
13133,Georgia,Greene,393,104,44,46,101,98,56,89,248,362,31
13135,Georgia,Gwinnett,"13,893","2,161","1,251","1,473","4,369","4,639","4,520","5,761","3,612","11,116","2,775"
13137,Georgia,Habersham,886,212,92,121,242,219,193,231,462,820,65
13139,Georgia,Hall,"3,165",688,369,367,920,821,802,898,"1,465","2,883",281
13141,Georgia,Hancock,217,36,24,20,76,61,44,69,104,181,36
13143,Georgia,Haralson,543,118,47,68,158,152,154,194,195,489,54
13145,Georgia,Harris,"2,498",220,174,180,602,"1,322",567,"1,171",760,"2,135",362
13147,Georgia,Hart,504,102,54,49,156,143,107,139,258,464,40
13149,Georgia,Heard,206,46,16,30,51,63,56,66,84,183,23
13151,Georgia,Henry,"10,929","1,318",755,938,"3,257","4,661","2,884","5,198","2,847","8,148","2,781"
13153,Georgia,Houston,"12,356","1,596",988,"1,277","3,729","4,766","3,282","5,571","3,503","9,780","2,576"
13155,Georgia,Irwin,175,36,16,15,64,44,39,66,70,158,17
13157,Georgia,Jackson,"1,742",336,187,181,514,524,611,543,588,"1,554",188
13159,Georgia,Jasper,311,70,24,29,107,81,77,95,139,278,33
13161,Georgia,Jeff Davis,221,39,24,26,70,62,50,82,89,201,20
13163,Georgia,Jefferson,394,59,29,46,138,122,83,153,158,332,62
13165,Georgia,Jenkins,150,23,15,16,49,47,38,48,64,131,19
13167,Georgia,Johnson,160,29,20,16,61,34,36,56,68,139,21
13169,Georgia,Jones,791,130,69,86,256,250,195,308,288,669,122
13171,Georgia,Lamar,490,87,57,57,138,151,142,156,192,427,63
13173,Georgia,Lanier,390,46,34,44,138,128,137,153,100,326,64
13175,Georgia,Laurens,"1,546",214,127,174,514,517,309,565,672,"1,331",215
13177,Georgia,Lee,"1,342",154,86,125,401,576,385,628,329,"1,137",205
13179,Georgia,Liberty,"7,306",609,505,636,"2,426","3,130","2,804","2,863","1,639","5,468","1,837"
13181,Georgia,Lincoln,262,46,28,27,76,85,53,90,119,235,27
13183,Georgia,Long,"2,161",116,109,154,659,"1,123","1,054",829,278,"1,629",532
13185,Georgia,Lowndes,"4,519",619,452,571,"1,405","1,472","1,430","1,761","1,328","3,664",854
13187,Georgia,Lumpkin,825,140,92,99,241,253,210,261,354,771,54
13189,Georgia,McDuffie,699,89,70,72,210,258,169,249,281,583,116
13191,Georgia,McIntosh,425,79,47,36,142,121,79,164,182,377,48
13193,Georgia,Macon,255,41,24,19,98,73,46,95,114,225,30
13195,Georgia,Madison,621,138,56,87,179,161,192,160,269,559,62
13197,Georgia,Marion,288,45,24,24,87,108,86,92,110,243,45
13199,Georgia,Meriwether,568,112,56,63,171,166,135,194,239,494,74
13201,Georgia,Miller,103,15,,,35,35,24,27,52,,
13205,Georgia,Mitchell,422,60,38,54,136,134,119,145,158,356,66
13207,Georgia,Monroe,767,123,75,91,245,233,197,268,302,674,93
13209,Georgia,Montgomery,158,29,14,18,50,47,45,50,63,140,18
13211,Georgia,Morgan,392,87,47,37,117,104,82,121,189,362,30
13213,Georgia,Murray,564,154,49,71,144,146,158,149,257,517,47
13215,Georgia,Muscogee,"11,800","1,280",806,"1,020","3,440","5,254","3,096","4,585","4,119","9,371","2,427"
13217,Georgia,Newton,"3,443",520,286,326,"1,070","1,241",961,"1,436","1,046","2,744",699
13219,Georgia,Oconee,611,128,73,88,169,153,149,199,263,564,47
13221,Georgia,Oglethorpe,356,67,32,48,109,100,81,109,166,323,33
13223,Georgia,Paulding,"4,695",710,420,577,"1,477","1,511","1,626","1,839","1,230","3,907",787
,,,,,,,,,,,,,
,,,,,,,,,,,,,
,,,,,,,,,,,,,
,,,,,,,,,,,,,
,,,,,,,,,,,,,
,,,,,,,,,,,,,
,,,,,,,,,,,,,
,,,,,,,,,,,,,
,,,,,,,,,,,,,
,,,,,,,,,,,,,
,,,,,,,,,,,,,
,,,,,,,,,,,,,
,,,,,,,,,,,,,
,,,,,,,,,,,,,
,,,,,,,,,,,,,
,,,,,,,,,,,,,
,,,,,,,,,,,,,
,,,,,,,,,,,,,
,,,,,,,,,,,,,
,,,,,,,,,,,,,
,,,,,,,,,,,,,
,,,,,,,,,,,,,
,,,,,,,,,,,,,
,,,,,,,,,,,,,
,,,,,,,,,,,,,
,,,,,,,,,,,,,
,,,,,,,,,,,,,
,,,,,,,,,,,,,
,,,,,,,,,,,,,
,,,,,,,,,,,,,
,,,,,,,,,,,,,
,,,,,,,,,,,,,
,,,,,,,,,,,,,
,,,,,,,,,,,,,
,,,,,,,,,,,,,
,,,,,,,,,,,,,
,,,,,,,,,,,,,
,,,,,,,,,,,,,
,,,,,,,,,,,,,
,,,,,,,,,,,,,
,,,,,,,,,,,,,
,,,,,,,,,,,,,
,,,,,,,,,,,,,
,,,,,,,,,,,,,
,,,,,,,,,,,,,
,,,,,,,,,,,,,
,,,,,,,,,,,,,
,,,,,,,,,,,,,
,,,,,,,,,,,,,
,,,,,,,,,,,,,
,,,,,,,,,,,,,
,,,,,,,,,,,,,
,,,,,,,,,,,,,
,,,,,,,,,,,,,
,,,,,,,,,,,,,
,,,,,,,,,,,,,
,,,,,,,,,,,,,
,,,,,,,,,,,,,
,,,,,,,,,,,,,
,,,,,,,,,,,,,
,,,,,,,,,,,,,
,,,,,,,,,,,,,
,,,,,,,,,,,,,
,,,,,,,,,,,,,
,,,,,,,,,,,,,
,,,,,,,,,,,,,
,,,,,,,,,,,,,
,,,,,,,,,,,,,
,,,,,,,,,,,,,
,,,,,,,,,,,,,
,,,,,,,,,,,,,
,,,,,,,,,,,,,
,,,,,,,,,,,,,
,,,,,,,,,,,,,
,,,,,,,,,,,,,
,,,,,,,,,,,,,
,,,,,,,,,,,,,
,,,,,,,,,,,,,
,,,,,,,,,,,,,
,,,,,,,,,,,,,
,,,,,,,,,,,,,
,,,,,,,,,,,,,
,,,,,,,,,,,,,
,,,,,,,,,,,,,
,,,,,,,,,,,,,
,,,,,,,,,,,,,
,,,,,,,,,,,,,
,,,,,,,,,,,,,
,,,,,,,,,,,,,
,,,,,,,,,,,,,
,,,,,,,,,,,,,
,,,,,,,,,,,,,
,,,,,,,,,,,,,
,,,,,,,,,,,,,
,,,,,,,,,,,,,
,,,,,,,,,,,,,
,,,,,,,,,,,,,
,,,,,,,,,,,,,
,,,,,,,,,,,,,
,,,,,,,,,,,,,
,,,,,,,,,,,,,
,,,,,,,,,,,,,
,,,,,,,,,,,,,
,,,,,,,,,,,,,
,,,,,,,,,,,,,
,,,,,,,,,,,,,
,,,,,,,,,,,,,
,,,,,,,,,,,,,
,,,,,,,,,,,,,
,,,,,,,,,,,,,
,,,,,,,,,,,,,
,,,,,,,,,,,,,
,,,,,,,,,,,,,
,,,,,,,,,,,,,
,,,,,,,,,,,,,
,,,,,,,,,,,,,
,,,,,,,,,,,,,
,,,,,,,,,,,,,
,,,,,,,,,,,,,
,,,,,,,,,,,,,
,,,,,,,,,,,,,
,,,,,,,,,,,,,
,,,,,,,,,,,,,
,,,,,,,,,,,,,
,,,,,,,,,,,,,
,,,,,,,,,,,,,
,,,,,,,,,,,,,
,,,,,,,,,,,,,
,,,,,,,,,,,,,
,,,,,,,,,,,,,
,,,,,,,,,,,,,
,,,,,,,,,,,,,
,,,,,,,,,,,,,
,,,,,,,,,,,,,
,,,,,,,,,,,,,
,,,,,,,,,,,,,
,,,,,,,,,,,,,
,,,,,,,,,,,,,
,,,,,,,,,,,,,
,,,,,,,,,,,,,
,,,,,,,,,,,,,
,,,,,,,,,,,,,
,,,,,,,,,,,,,
,,,,,,,,,,,,,
,,,,,,,,,,,,,
,,,,,,,,,,,,,
,,,,,,,,,,,,,
,,,,,,,,,,,,,
,,,,,,,,,,,,,
,,,,,,,,,,,,,
,,,,,,,,,,,,,
,,,,,,,,,,,,,
,,,,,,,,,,,,,
,,,,,,,,,,,,,
,,,,,,,,,,,,,
,,,,,,,,,,,,,
,,,,,,,,,,,,,
,,,,,,,,,,,,,
,,,,,,,,,,,,,
,,,,,,,,,,,,,
,,,,,,,,,,,,,
,,,,,,,,,,,,,
,,,,,,,,,,,,,
,,,,,,,,,,,,,
,,,,,,,,,,,,,
,,,,,,,,,,,,,
,,,,,,,,,,,,,
,,,,,,,,,,,,,
,,,,,,,,,,,,,
,,,,,,,,,,,,,
,,,,,,,,,,,,,
,,,,,,,,,,,,,
,,,,,,,,,,,,,
,,,,,,,,,,,,,
,,,,,,,,,,,,,
,,,,,,,,,,,,,
,,,,,,,,,,,,,
,,,,,,,,,,,,,
,,,,,,,,,,,,,
,,,,,,,,,,,,,
,,,,,,,,,,,,,
,,,,,,,,,,,,,
,,,,,,,,,,,,,
,,,,,,,,,,,,,
,,,,,,,,,,,,,
,,,,,,,,,,,,,
,,,,,,,,,,,,,
,,,,,,,,,,,,,
,,,,,,,,,,,,,
,,,,,,,,,,,,,
,,,,,,,,,,,,,
,,,,,,,,,,,,,
,,,,,,,,,,,,,
,,,,,,,,,,,,,
,,,,,,,,,,,,,
,,,,,,,,,,,,,
,,,,,,,,,,,,,
,,,,,,,,,,,,,
,,,,,,,,,,,,,
,,,,,,,,,,,,,
,,,,,,,,,,,,,
,,,,,,,,,,,,,
,,,,,,,,,,,,,
,,,,,,,,,,,,,
,,,,,,,,,,,,,
,,,,,,,,,,,,,
,,,,,,,,,,,,,
,,,,,,,,,,,,,
,,,,,,,,,,,,,
,,,,,,,,,,,,,
,,,,,,,,,,,,,
,,,,,,,,,,,,
,,,,,,,,,,,,,
,,,,,,,,,,,,,
,,,,,,,,,,,,,
,,,,,,,,,,,,,
,,,,,,,,,,,,,
,,,,,,,,,,,,,
,,,,,,,,,,,,,
,,,,,,,,,,,,,
,,,,,,,,,,,,,
,,,,,,,,,,,,,
,,,,,,,,,,,,,
,,,,,,,,,,,,,
,,,,,,,,,,,,,
,,,,,,,,,,,,,
,,,,,,,,,,,,,
,,,,,,,,,,,,,
,,,,,,,,,,,,,
,,,,,,,,,,,,,
,,,,,,,,,,,,,
,,,,,,,,,,,,,
,,,,,,,,,,,,,
,,,,,,,,,,,,,
,,,,,,,,,,,,,
,,,,,,,,,,,,,
,,,,,,,,,,,,,
,,,,,,,,,,,,,
,,,,,,,,,,,,,
,,,,,,,,,,,,,
,,,,,,,,,,,,,
,,,,,,,,,,,,,
,,,,,,,,,,,,,
,,,,,,,,,,,,,
,,,,,,,,,,,,,
,,,,,,,,,,,,,
,,,,,,,,,,,,,
,,,,,,,,,,,,,
,,,,,,,,,,,,,
,,,,,,,,,,,,,
,,,,,,,,,,,,,
,,,,,,,,,,,,,
,,,,,,,,,,,,,
,,,,,,,,,,,,,
,,,,,,,,,,,,,
,,,,,,,,,,,,,
,,,,,,,,,,,,,
,,,,,,,,,,,,,
,,,,,,,,,,,,,
,,,,,,,,,,,,,
,,,,,,,,,,,,,
,,,,,,,,,,,,,
,,,,,,,,,,,,,
,,,,,,,,,,,,,
,,,,,,,,,,,,,
,,,,,,,,,,,,,
,,,,,,,,,,,,,
,,,,,,,,,,,,,
,,,,,,,,,,,,,
,,,,,,,,,,,,,
,,,,,,,,,,,,,
,,,,,,,,,,,,,
,,,,,,,,,,,,,
,,,,,,,,,,,,,
,,,,,,,,,,,,,
,,,,,,,,,,,,,
,,,,,,,,,,,,,
,,,,,,,,,,,,,
,,,,,,,,,,,,,
,,,,,,,,,,,,,
,,,,,,,,,,,,,
,,,,,,,,,,,,,
,,,,,,,,,,,,,
,,,,,,,,,,,,,
,,,,,,,,,,,,,
,,,,,,,,,,,,,
,,,,,,,,,,,,,
,,,,,,,,,,,,,
,,,,,,,,,,,,,
,,,,,,,,,,,,,
,,,,,,,,,,,,,
,,,,,,,,,,,,,
,,,,,,,,,,,,,
,,,,,,,,,,,,,
,,,,,,,,,,,,,
,,,,,,,,,,,,,
,,,,,,,,,,,,,
,,,,,,,,,,,,,
,,,,,,,,,,,,,
,,,,,,,,,,,,,
,,,,,,,,,,,,,
,,,,,,,,,,,,,
,,,,,,,,,,,,,
,,,,,,,,,,,,,
,,,,,,,,,,,,,
,,,,,,,,,,,,,
,,,,,,,,,,,,,
,,,,,,,,,,,,,
,,,,,,,,,,,,,
,,,,,,,,,,,,,
,,,,,,,,,,,,,
,,,,,,,,,,,,,
,,,,,,,,,,,,,
,,,,,,,,,,,,,
,,,,,,,,,,,,,
,,,,,,,,,,,,,
,,,,,,,,,,,,,
,,,,,,,,,,,,,
,,,,,,,,,,,,,
,,,,,,,,,,,,,
,,,,,,,,,,,,,
,,,,,,,,,,,,,
,,,,,,,,,,,,,
,,,,,,,,,,,,,
,,,,,,,,,,,,,
,,,,,,,,,,,,,
,,,,,,,,,,,,,
,,,,,,,,,,,,,
,,,,,,,,,,,,,
,,,,,,,,,,,,,
,,,,,,,,,,,,,
,,,,,,,,,,,,,
,,,,,,,,,,,,,
,,,,,,,,,,,,,
,,,,,,,,,,,,,
,,,,,,,,,,,,,
,,,,,,,,,,,,,
,,,,,,,,,,,,,
,,,,,,,,,,,,,
,,,,,,,,,,,,,
,,,,,,,,,,,,,
,,,,,,,,,,,,,
,,,,,,,,,,,,,
,,,,,,,,,,,,,
,,,,,,,,,,,,,
,,,,,,,,,,,,,
,,,,,,,,,,,,,
,,,,,,,,,,,,,
,,,,,,,,,,,,,
,,,,,,,,,,,,,
,,,,,,,,,,,,,
,,,,,,,,,,,,,
,,,,,,,,,,,,,
,,,,,,,,,,,,,
,,,,,,,,,,,,,
,,,,,,,,,,,,,
,,,,,,,,,,,,,
,,,,,,,,,,,,,
,,,,,,,,,,,,,
,,,,,,,,,,,,,
,,,,,,,,,,,,,
,,,,,,,,,,,,,
,,,,,,,,,,,,,
,,,,,,,,,,,,,
,,,,,,,,,,,,,
,,,,,,,,,,,,,
,,,,,,,,,,,,,
,,,,,,,,,,,,,
,,,,,,,,,,,,,
,,,,,,,,,,,,,
,,,,,,,,,,,,,
,,,,,,,,,,,,,
,,,,,,,,,,,,,
,,,,,,,,,,,,,
,,,,,,,,,,,,,
,,,,,,,,,,,,,
,,,,,,,,,,,,,
,,,,,,,,,,,,,
,,,,,,,,,,,,,
,,,,,,,,,,,,,
,,,,,,,,,,,,,
,,,,,,,,,,,,,
,,,,,,,,,,,,,
,,,,,,,,,,,,,
,,,,,,,,,,,,,
,,,,,,,,,,,,,
,,,,,,,,,,,,,
,,,,,,,,,,,,,
,,,,,,,,,,,,,
,,,,,,,,,,,,,
,,,,,,,,,,,,,
,,,,,,,,,,,,,
,,,,,,,,,,,,,
,,,,,,,,,,,,,
,,,,,,,,,,,,,
,,,,,,,,,,,,,
,,,,,,,,,,,,,
,,,,,,,,,,,,,
,,,,,,,,,,,,,
,,,,,,,,,,,,,
,,,,,,,,,,,,,
,,,,,,,,,,,,,
,,,,,,,,,,,,,
,,,,,,,,,,,,,
,,,,,,,,,,,,,
,,,,,,,,,,,,,
,,,,,,,,,,,,,
,,,,,,,,,,,,,
,,,,,,,,,,,,,
,,,,,,,,,,,,,
,,,,,,,,,,,,,
,,,,,,,,,,,,,
,,,,,,,,,,,,,
,,,,,,,,,,,,,
,,,,,,,,,,,,,
,,,,,,,,,,,,,
,,,,,,,,,,,,,
,,,,,,,,,,,,,
,,,,,,,,,,,,,
,,,,,,,,,,,,,
,,,,,,,,,,,,,
,,,,,,,,,,,,,
,,,,,,,,,,,,,
,,,,,,,,,,,,,
,,,,,,,,,,,,,
,,,,,,,,,,,,,
,,,,,,,,,,,,,
,,,,,,,,,,,,,
,,,,,,,,,,,,,
,,,,,,,,,,,,,
,,,,,,,,,,,,,
,,,,,,,,,,,,,
,,,,,,,,,,,,,
,,,,,,,,,,,,,
,,,,,,,,,,,,,
,,,,,,,,,,,,,
,,,,,,,,,,,,,
,,,,,,,,,,,,,
,,,,,,,,,,,,,
,,,,,,,,,,,,,
,,,,,,,,,,,,,
,,,,,,,,,,,,,
,,,,,,,,,,,,,
,,,,,,,,,,,,,
,,,,,,,,,,,,,
,,,,,,,,,,,,,
,,,,,,,,,,,,,
,,,,,,,,,,,,,
,,,,,,,,,,,,,
,,,,,,,,,,,,,
,,,,,,,,,,,,,
,,,,,,,,,,,,,
,,,,,,,,,,,,,
,,,,,,,,,,,,,
,,,,,,,,,,,,,
,,,,,,,,,,,,,
,,,,,,,,,,,,,
,,,,,,,,,,,,,
,,,,,,,,,,,,,
,,,,,,,,,,,,,
,,,,,,,,,,,,,
,,,,,,,,,,,,,
,,,,,,,,,,,,,
,,,,,,,,,,,,,
,,,,,,,,,,,,,
,,,,,,,,,,,,,
,,,,,,,,,,,,,
,,,,,,,,,,,,,
,,,,,,,,,,,,,
,,,,,,,,,,,,,
,,,,,,,,,,,,,
,,,,,,,,,,,,,
,,,,,,,,,,,,,
,,,,,,,,,,,,,
,,,,,,,,,,,,,
,,,,,,,,,,,,,
,,,,,,,,,,,,,
,,,,,,,,,,,,,
,,,,,,,,,,,,,
,,,,,,,,,,,,,
,,,,,,,,,,,,,
,,,,,,,,,,,,,
,,,,,,,,,,,,,
,,,,,,,,,,,,,
,,,,,,,,,,,,,
,,,,,,,,,,,,,
,,,,,,,,,,,,,
,,,,,,,,,,,,,
,,,,,,,,,,,,,
,,,,,,,,,,,,,
,,,,,,,,,,,,,
,,,,,,,,,,,,,
,,,,,,,,,,,,,
,,,,,,,,,,,,,
,,,,,,,,,,,,,
,,,,,,,,,,,,,
,,,,,,,,,,,,,
,,,,,,,,,,,,,
,,,,,,,,,,,,,
,,,,,,,,,,,,,
,,,,,,,,,,,,,
,,,,,,,,,,,,,
,,,,,,,,,,,,,
,,,,,,,,,,,,,
,,,,,,,,,,,,,
,,,,,,,,,,,,,
,,,,,,,,,,,,,
,,,,,,,,,,,,,
,,,,,,,,,,,,,
,,,,,,,,,,,,,
,,,,,,,,,,,,,
,,,,,,,,,,,,,
,,,,,,,,,,,,,
,,,,,,,,,,,,,
,,,,,,,,,,,,,
,,,,,,,,,,,,,
,,,,,,,,,,,,,
,,,,,,,,,,,,,
,,,,,,,,,,,,,
,,,,,,,,,,,,,
,,,,,,,,,,,,,
,,,,,,,,,,,,,
,,,,,,,,,,,,,
,,,,,,,,,,,,,
,,,,,,,,,,,,,
,,,,,,,,,,,,,
,,,,,,,,,,,,,
,,,,,,,,,,,,,
,,,,,,,,,,,,,
,,,,,,,,,,,,,
,,,,,,,,,,,,,
,,,,,,,,,,,,,
,,,,,,,,,,,,,
,,,,,,,,,,,,,
,,,,,,,,,,,,,
,,,,,,,,,,,,,
,,,,,,,,,,,,,
,,,,,,,,,,,,,
,,,,,,,,,,,,,
,,,,,,,,,,,,,
,,,,,,,,,,,,,
,,,,,,,,,,,,,
,,,,,,,,,,,,,
,,,,,,,,,,,,,
,,,,,,,,,,,,,
,,,,,,,,,,,,,
,,,,,,,,,,,,,
,,,,,,,,,,,,,
,,,,,,,,,,,,,
,,,,,,,,,,,,,
,,,,,,,,,,,,,
,,,,,,,,,,,,,
,,,,,,,,,,,,,
,,,,,,,,,,,,,
,,,,,,,,,,,,,
,,,,,,,,,,,,,
,,,,,,,,,,,,,
,,,,,,,,,,,,,
,,,,,,,,,,,,,
,,,,,,,,,,,,,
,,,,,,,,,,,,,
,,,,,,,,,,,,,
,,,,,,,,,,,,,
,,,,,,,,,,,,,
,,,,,,,,,,,,,
,,,,,,,,,,,,,
,,,,,,,,,,,,,
,,,,,,,,,,,,,
,,,,,,,,,,,,,
,,,,,,,,,,,,,
,,,,,,,,,,,,,
,,,,,,,,,,,,,
,,,,,,,,,,,,,
,,,,,,,,,,,,,
,,,,,,,,,,,,,
,,,,,,,,,,,,,
,,,,,,,,,,,,,
,,,,,,,,,,,,,
,,,,,,,,,,,,,
,,,,,,,,,,,,,
,,,,,,,,,,,,,
,,,,,,,,,,,,,
,,,,,,,,,,,,,
,,,,,,,,,,,,,
,,,,,,,,,,,,,
,,,,,,,,,,,,,
,,,,,,,,,,,,,
,,,,,,,,,,,,,
,,,,,,,,,,,,,
,,,,,,,,,,,,,
,,,,,,,,,,,,,
,,,,,,,,,,,,,
,,,,,,,,,,,,,
,,,,,,,,,,,,,
,,,,,,,,,,,,,
,,,,,,,,,,,,,
,,,,,,,,,,,,,
,,,,,,,,,,,,,
,,,,,,,,,,,,,
,,,,,,,,,,,,,
,,,,,,,,,,,,,
,,,,,,,,,,,,,
,,,,,,,,,,,,,
,,,,,,,,,,,,,
,,,,,,,,,,,,,
,,,,,,,,,,,,,
,,,,,,,,,,,,,
,,,,,,,,,,,,,
,,,,,,,,,,,,,
,,,,,,,,,,,,,
,,,,,,,,,,,,,
,,,,,,,,,,,,,
,,,,,,,,,,,,,
,,,,,,,,,,,,,
,,,,,,,,,,,,,
,,,,,,,,,,,,,
,,,,,,,,,,,,,
,,,,,,,,,,,,,
,,,,,,,,,,,,,
,,,,,,,,,,,,,
,,,,,,,,,,,,,
,,,,,,,,,,,,,
,,,,,,,,,,,,,
,,,,,,,,,,,,,
,,,,,,,,,,,,,
,,,,,,,,,,,,,
,,,,,,,,,,,,,
,,,,,,,,,,,,,
,,,,,,,,,,,,,
,,,,,,,,,,,,,
,,,,,,,,,,,,,
,,,,,,,,,,,,,
,,,,,,,,,,,,,
,,,,,,,,,,,,,
,,,,,,,,,,,,,
,,,,,,,,,,,,,
,,,,,,,,,,,,,
,,,,,,,,,,,,,
,,,,,,,,,,,,,
,,,,,,,,,,,,,
,,,,,,,,,,,,,
,,,,,,,,,,,,,
,,,,,,,,,,,,,
,,,,,,,,,,,,,
,,,,,,,,,,,,,
,,,,,,,,,,,,,
,,,,,,,,,,,,,
,,,,,,,,,,,,,
,,,,,,,,,,,,,
,,,,,,,,,,,,,
,,,,,,,,,,,,,
,,,,,,,,,,,,,
,,,,,,,,,,,,,
,,,,,,,,,,,,,
,,,,,,,,,,,,,
,,,,,,,,,,,,,
,,,,,,,,,,,,,
,,,,,,,,,,,,,
,,,,,,,,,,,,,
,,,,,,,,,,,,,
,,,,,,,,,,,,,
,,,,,,,,,,,,,
,,,,,,,,,,,,,
,,,,,,,,,,,,,
,,,,,,,,,,,,,
,,,,,,,,,,,,,
,,,,,,,,,,,,,
,,,,,,,,,,,,,
,,,,,,,,,,,,,
,,,,,,,,,,,,,
,,,,,,,,,,,,,
,,,,,,,,,,,,,
,,,,,,,,,,,,,
,,,,,,,,,,,,,
,,,,,,,,,,,,,
,,,,,,,,,,,,,
,,,,,,,,,,,,,
,,,,,,,,,,,,,
,,,,,,,,,,,,,
,,,,,,,,,,,,,
,,,,,,,,,,,,,
,,,,,,,,,,,,,
,,,,,,,,,,,,,
,,,,,,,,,,,,,
,,,,,,,,,,,,,
,,,,,,,,,,,,,
,,,,,,,,,,,,,
,,,,,,,,,,,,,
,,,,,,,,,,,,,
,,,,,,,,,,,,,
,,,,,,,,,,,,,
,,,,,,,,,,,,,
,,,,,,,,,,,,,
,,,,,,,,,,,,,
,,,,,,,,,,,,,
,,,,,,,,,,,,,
,,,,,,,,,,,,,
,,,,,,,,,,,,,
,,,,,,,,,,,,,
,,,,,,,,,,,,,
,,,,,,,,,,,,,
,,,,,,,,,,,,,
,,,,,,,,,,,,,
,,,,,,,,,,,,,
,,,,,,,,,,,,,
,,,,,,,,,,,,,
,,,,,,,,,,,,,
,,,,,,,,,,,,,
,,,,,,,,,,,,,
,,,,,,,,,,,,,
,,,,,,,,,,,,,
,,,,,,,,,,,,,
,,,,,,,,,,,,,
,,,,,,,,,,,,,
,,,,,,,,,,,,,
,,,,,,,,,,,,,
,,,,,,,,,,,,,
,,,,,,,,,,,,,
,,,,,,,,,,,,,
,,,,,,,,,,,,,
,,,,,,,,,,,,,
,,,,,,,,,,,,,
,,,,,,,,,,,,,
,,,,,,,,,,,,,
,,,,,,,,,,,,,
,,,,,,,,,,,,,
,,,,,,,,,,,,,
,,,,,,,,,,,,,
,,,,,,,,,,,,,
,,,,,,,,,,,,,
,,,,,,,,,,,,,
,,,,,,,,,,,,,
,,,,,,,,,,,,,
,,,,,,,,,,,,,
,,,,,,,,,,,,,
,,,,,,,,,,,,,
,,,,,,,,,,,,,
,,,,,,,,,,,,,
,,,,,,,,,,,,,
,,,,,,,,,,,,,
,,,,,,,,,,,,,
,,,,,,,,,,,,,
,,,,,,,,,,,,,
,,,,,,,,,,,,,
,,,,,,,,,,,,,
,,,,,,,,,,,,,
,,,,,,,,,,,,,
,,,,,,,,,,,,,
,,,,,,,,,,,,,
,,,,,,,,,,,,,
,,,,,,,,,,,,,
,,,,,,,,,,,,,
,,,,,,,,,,,,,
,,,,,,,,,,,,,
,,,,,,,,,,,,,
,,,,,,,,,,,,,
,,,,,,,,,,,,,
,,,,,,,,,,,,,
,,,,,,,,,,,,,
,,,,,,,,,,,,,
,,,,,,,,,,,,,
,,,,,,,,,,,,,
,,,,,,,,,,,,,
,,,,,,,,,,,,,
,,,,,,,,,,,,,
,,,,,,,,,,,,,
,,,,,,,,,,,,,
,,,,,,,,,,,,,
,,,,,,,,,,,,,
,,,,,,,,,,,,,
,,,,,,,,,,,,,
,,,,,,,,,,,,,
,,,,,,,,,,,,,
,,,,,,,,,,,,,
,,,,,,,,,,,,,
,,,,,,,,,,,,,
,,,,,,,,,,,,,
,,,,,,,,,,,,,
,,,,,,,,,,,,,
,,,,,,,,,,,,,
,,,,,,,,,,,,,
,,,,,,,,,,,,,
,,,,,,,,,,,,,
,,,,,,,,,,,,,
,,,,,,,,,,,,,
,,,,,,,,,,,,,
,,,,,,,,,,,,,
,,,,,,,,,,,,,
,,,,,,,,,,,,,
,,,,,,,,,,,,,
,,,,,,,,,,,,,
,,,,,,,,,,,,,
,,,,,,,,,,,,,
,,,,,,,,,,,,,
,,,,,,,,,,,,,
,,,,,,,,,,,,,
,,,,,,,,,,,,,
,,,,,,,,,,,,,
,,,,,,,,,,,,,
,,,,,,,,,,,,,
,,,,,,,,,,,,,
,,,,,,,,,,,,,
,,,,,,,,,,,,,
,,,,,,,,,,,,,
,,,,,,,,,,,,,
,,,,,,,,,,,,,
,,,,,,,,,,,,,
,,,,,,,,,,,,,
,,,,,,,,,,,,,
,,,,,,,,,,,,,
,,,,,,,,,,,,,
,,,,,,,,,,,,,
,,,,,,,,,,,,,
,,,,,,,,,,,,,
,,,,,,,,,,,,,
,,,,,,,,,,,,,
,,,,,,,,,,,,,
,,,,,,,,,,,,,
,,,,,,,,,,,,,
,,,,,,,,,,,,,
,,,,,,,,,,,,,
,,,,,,,,,,,,,
,,,,,,,,,,,,,
,,,,,,,,,,,,,
,,,,,,,,,,,,,
,,,,,,,,,,,,,
,,,,,,,,,,,,,
,,,,,,,,,,,,,
,,,,,,,,,,,,,
,,,,,,,,,,,,,
,,,,,,,,,,,,,
,,,,,,,,,,,,,
,,,,,,,,,,,,,
,,,,,,,,,,,,,
,,,,,,,,,,,,,
,,,,,,,,,,,,,
,,,,,,,,,,,,,
,,,,,,,,,,,,,
,,,,,,,,,,,,,
,,,,,,,,,,,,,
,,,,,,,,,,,,,
,,,,,,,,,,,,,
,,,,,,,,,,,,,
,,,,,,,,,,,,,
,,,,,,,,,,,,,
,,,,,,,,,,,,,
,,,,,,,,,,,,,
,,,,,,,,,,,,,
,,,,,,,,,,,,,
,,,,,,,,,,,,,
,,,,,,,,,,,,,
,,,,,,,,,,,,,
,,,,,,,,,,,,,
,,,,,,,,,,,,,
,,,,,,,,,,,,,
,,,,,,,,,,,,,
,,,,,,,,,,,,,
,,,,,,,,,,,,,
,,,,,,,,,,,,,
,,,,,,,,,,,,,
,,,,,,,,,,,,,
,,,,,,,,,,,,,
,,,,,,,,,,,,,
,,,,,,,,,,,,,
,,,,,,,,,,,,,
,,,,,,,,,,,,,
,,,,,,,,,,,,,
,,,,,,,,,,,,,
,,,,,,,,,,,,,
,,,,,,,,,,,,,
,,,,,,,,,,,,,
,,,,,,,,,,,,,
,,,,,,,,,,,,,
,,,,,,,,,,,,,
,,,,,,,,,,,,,
,,,,,,,,,,,,,
,,,,,,,,,,,,,
,,,,,,,,,,,,,
,,,,,,,,,,,,,
,,,,,,,,,,,,,
,,,,,,,,,,,,,
,,,,,,,,,,,,,
,,,,,,,,,,,,,
,,,,,,,,,,,,,
,,,,,,,,,,,,,
,,,,,,,,,,,,,
,,,,,,,,,,,,,
,,,,,,,,,,,,,
,,,,,,,,,,,,,
,,,,,,,,,,,,,
,,,,,,,,,,,,,
,,,,,,,,,,,,,
,,,,,,,,,,,,,
,,,,,,,,,,,,,
,,,,,,,,,,,,,
,,,,,,,,,,,,,
,,,,,,,,,,,,,
,,,,,,,,,,,,,
,,,,,,,,,,,,,
,,,,,,,,,,,,,
,,,,,,,,,,,,,
,,,,,,,,,,,,,
,,,,,,,,,,,,,
,,,,,,,,,,,,,
,,,,,,,,,,,,,
,,,,,,,,,,,,,
,,,,,,,,,,,,,
,,,,,,,,,,,,,
,,,,,,,,,,,,,
,,,,,,,,,,,,,
,,,,,,,,,,,,,
,,,,,,,,,,,,,
,,,,,,,,,,,,,
,,,,,,,,,,,,,
,,,,,,,,,,,,,
,,,,,,,,,,,,,
,,,,,,,,,,,,,
,,,,,,,,,,,,,
,,,,,,,,,,,,,
,,,,,,,,,,,,,
,,,,,,,,,,,,,
,,,,,,,,,,,,,
,,,,,,,,,,,,,
,,,,,,,,,,,,,
,,,,,,,,,,,,,
,,,,,,,,,,,,,
,,,,,,,,,,,,,
,,,,,,,,,,,,,
,,,,,,,,,,,,,
,,,,,,,,,,,,,
,,,,,,,,,,,,,
,,,,,,,,,,,,,
,,,,,,,,,,,,,
,,,,,,,,,,,,,
,,,,,,,,,,,,,
,,,,,,,,,,,,,
,,,,,,,,,,,,,
,,,,,,,,,,,,,
,,,,,,,,,,,,,
,,,,,,,,,,,,,
,,,,,,,,,,,,,
,,,,,,,,,,,,,
,,,,,,,,,,,,,
,,,,,,,,,,,,,
,,,,,,,,,,,,,
,,,,,,,,,,,,,
,,,,,,,,,,,,,
,,,,,,,,,,,,,
,,,,,,,,,,,,,
,,,,,,,,,,,,,
,,,,,,,,,,,,,
,,,,,,,,,,,,,
,,,,,,,,,,,,,
,,,,,,,,,,,,,
,,,,,,,,,,,,,
,,,,,,,,,,,,,
,,,,,,,,,,,,,
,,,,,,,,,,,,,
,,,,,,,,,,,,,
,,,,,,,,,,,,,
,,,,,,,,,,,,,
,,,,,,,,,,,,,
,,,,,,,,,,,,,
,,,,,,,,,,,,,
,,,,,,,,,,,,,
,,,,,,,,,,,,,
,,,,,,,,,,,,,
,,,,,,,,,,,,,
,,,,,,,,,,,,,
,,,,,,,,,,,,,
,,,,,,,,,,,,,
,,,,,,,,,,,,,
,,,,,,,,,,,,,
,,,,,,,,,,,,,
,,,,,,,,,,,,,
,,,,,,,,,,,,,
,,,,,,,,,,,,,
,,,,,,,,,,,,,
,,,,,,,,,,,,,
,,,,,,,,,,,,,
,,,,,,,,,,,,,
,,,,,,,,,,,,,
,,,,,,,,,,,,,
,,,,,,,,,,,,,
,,,,,,,,,,,,,
,,,,,,,,,,,,,
,,,,,,,,,,,,,
,,,,,,,,,,,,,
,,,,,,,,,,,,,
,,,,,,,,,,,,,
,,,,,,,,,,,,,
,,,,,,,,,,,,,
,,,,,,,,,,,,,
,,,,,,,,,,,,,
,,,,,,,,,,,,,
,,,,,,,,,,,,,
,,,,,,,,,,,,,
,,,,,,,,,,,,,
,,,,,,,,,,,,,
,,,,,,,,,,,,,
,,,,,,,,,,,,,
,,,,,,,,,,,,,
,,,,,,,,,,,,,
,,,,,,,,,,,,,
,,,,,,,,,,,,,
,,,,,,,,,,,,,
,,,,,,,,,,,,,
,,,,,,,,,,,,,
,,,,,,,,,,,,,
,,,,,,,,,,,,,
,,,,,,,,,,,,,
,,,,,,,,,,,,,
,,,,,,,,,,,,,
,,,,,,,,,,,,,
,,,,,,,,,,,,,
,,,,,,,,,,,,,
,,,,,,,,,,,,,
,,,,,,,,,,,,,
,,,,,,,,,,,,,
,,,,,,,,,,,,,
,,,,,,,,,,,,,
,,,,,,,,,,,,,
,,,,,,,,,,,,,
,,,,,,,,,,,,,
,,,,,,,,,,,,,
,,,,,,,,,,,,,
,,,,,,,,,,,,,
,,,,,,,,,,,,,
,,,,,,,,,,,,,
,,,,,,,,,,,,,
,,,,,,,,,,,,,
,,,,,,,,,,,,,
,,,,,,,,,,,,,
,,,,,,,,,,,,,
,,,,,,,,,,,,,
,,,,,,,,,,,,,
,,,,,,,,,,,,,
,,,,,,,,,,,,,
,,,,,,,,,,,,,
,,,,,,,,,,,,,
,,,,,,,,,,,,,
,,,,,,,,,,,,,
,,,,,,,,,,,,,
,,,,,,,,,,,,,
,,,,,,,,,,,,,
,,,,,,,,,,,,,
,,,,,,,,,,,,,
,,,,,,,,,,,,,
,,,,,,,,,,,,,
,,,,,,,,,,,,,
,,,,,,,,,,,,,
,,,,,,,,,,,,,
,,,,,,,,,,,,,
,,,,,,,,,,,,,
,,,,,,,,,,,,,
,,,,,,,,,,,,,
,,,,,,,,,,,,,
,,,,,,,,,,,,,
,,,,,,,,,,,,,
,,,,,,,,,,,,,
,,,,,,,,,,,,,
,,,,,,,,,,,,,
,,,,,,,,,,,,,
,,,,,,,,,,,,,
,,,,,,,,,,,,,
,,,,,,,,,,,,,
,,,,,,,,,,,,,
,,,,,,,,,,,,,
,,,,,,,,,,,,,
,,,,,,,,,,,,,
,,,,,,,,,,,,,
,,,,,,,,,,,,,
,,,,,,,,,,,,,
,,,,,,,,,,,,,
,,,,,,,,,,,,,
,,,,,,,,,,,,,
,,,,,,,,,,,,,
,,,,,,,,,,,,,
,,,,,,,,,,,,,
,,,,,,,,,,,,,
,,,,,,,,,,,,,
,,,,,,,,,,,,,
,,,,,,,,,,,,,
,,,,,,,,,,,,,
,,,,,,,,,,,,,
,,,,,,,,,,,,,
,,,,,,,,,,,,,
,,,,,,,,,,,,,
,,,,,,,,,,,,,
,,,,,,,,,,,,,
,,,,,,,,,,,,,
,,,,,,,,,,,,,
,,,,,,,,,,,,,
,,,,,,,,,,,,,
,,,,,,,,,,,,,
,,,,,,,,,,,,,
,,,,,,,,,,,,,
,,,,,,,,,,,,,
,,,,,,,,,,,,,
,,,,,,,,,,,,,
,,,,,,,,,,,,,
,,,,,,,,,,,,,
,,,,,,,,,,,,,
,,,,,,,,,,,,,
,,,,,,,,,,,,,
,,,,,,,,,,,,,
,,,,,,,,,,,,,
,,,,,,,,,,,,,
,,,,,,,,,,,,,
,,,,,,,,,,,,,
,,,,,,,,,,,,,
,,,,,,,,,,,,,
,,,,,,,,,,,,,
,,,,,,,,,,,,,
,,,,,,,,,,,,,
,,,,,,,,,,,,,
,,,,,,,,,,,,,
,,,,,,,,,,,,,
,,,,,,,,,,,,,
,,,,,,,,,,,,,
,,,,,,,,,,,,,
,,,,,,,,,,,,,
,,,,,,,,,,,,,
,,,,,,,,,,,,,
,,,,,,,,,,,,,
,,,,,,,,,,,,,
,,,,,,,,,,,,,
,,,,,,,,,,,,,
,,,,,,,,,,,,,
,,,,,,,,,,,,,
,,,,,,,,,,,,,
,,,,,,,,,,,,,
,,,,,,,,,,,,,
,,,,,,,,,,,,,
,,,,,,,,,,,,,
,,,,,,,,,,,,,
,,,,,,,,,,,,,
,,,,,,,,,,,,,
,,,,,,,,,,,,,
,,,,,,,,,,,,,
,,,,,,,,,,,,,
,,,,,,,,,,,,,
,,,,,,,,,,,,,
,,,,,,,,,,,,,
,,,,,,,,,,,,,
,,,,,,,,,,,,,
,,,,,,,,,,,,,
,,,,,,,,,,,,,
,,,,,,,,,,,,,
,,,,,,,,,,,,,
,,,,,,,,,,,,,
,,,,,,,,,,,,,
,,,,,,,,,,,,,
,,,,,,,,,,,,,
,,,,,,,,,,,,,
,,,,,,,,,,,,,
,,,,,,,,,,,,,
,,,,,,,,,,,,,
,,,,,,,,,,,,,
,,,,,,,,,,,,,
,,,,,,,,,,,,,
,,,,,,,,,,,,,
,,,,,,,,,,,,,
,,,,,,,,,,,,,
,,,,,,,,,,,,,
,,,,,,,,,,,,,
,,,,,,,,,,,,,
,,,,,,,,,,,,,
,,,,,,,,,,,,,
,,,,,,,,,,,,,
,,,,,,,,,,,,,
,,,,,,,,,,,,,
,,,,,,,,,,,,,
,,,,,,,,,,,,,
,,,,,,,,,,,,,
,,,,,,,,,,,,,
,,,,,,,,,,,,,
,,,,,,,,,,,,,
,,,,,,,,,,,,,
,,,,,,,,,,,,,
,,,,,,,,,,,,,
,,,,,,,,,,,,,
,,,,,,,,,,,,,
,,,,,,,,,,,,,
,,,,,,,,,,,,,
,,,,,,,,,,,,,
,,,,,,,,,,,,,
,,,,,,,,,,,,,
,,,,,,,,,,,,,
,,,,,,,,,,,,,
,,,,,,,,,,,,,
,,,,,,,,,,,,,
,,,,,,,,,,,,,
,,,,,,,,,,,,,
,,,,,,,,,,,,,
,,,,,,,,,,,,,
,,,,,,,,,,,,,
,,,,,,,,,,,,,
,,,,,,,,,,,,,
,,,,,,,,,,,,,
,,,,,,,,,,,,,
,,,,,,,,,,,,,
,,,,,,,,,,,,,
,,,,,,,,,,,,,
,,,,,,,,,,,,,
,,,,,,,,,,,,,
,,,,,,,,,,,,,
,,,,,,,,,,,,,
,,,,,,,,,,,,,
,,,,,,,,,,,,,
,,,,,,,,,,,,,
,,,,,,,,,,,,,
,,,,,,,,,,,,,
,,,,,,,,,,,,,
,,,,,,,,,,,,,
,,,,,,,,,,,,,
,,,,,,,,,,,,,
,,,,,,,,,,,,,
,,,,,,,,,,,,,
,,,,,,,,,,,,,
,,,,,,,,,,,,,
,,,,,,,,,,,,,
,,,,,,,,,,,,,
,,,,,,,,,,,,,
,,,,,,,,,,,,,
,,,,,,,,,,,,,
,,,,,,,,,,,,,
,,,,,,,,,,,,,
,,,,,,,,,,,,,
,,,,,,,,,,,,,
,,,,,,,,,,,,,
,,,,,,,,,,,,,
,,,,,,,,,,,,,
,,,,,,,,,,,,,
,,,,,,,,,,,,,
,,,,,,,,,,,,,
,,,,,,,,,,,,,
,,,,,,,,,,,,,
,,,,,,,,,,,,,
,,,,,,,,,,,,,
,,,,,,,,,,,,,
,,,,,,,,,,,,,
,,,,,,,,,,,,,
,,,,,,,,,,,,,
,,,,,,,,,,,,,
,,,,,,,,,,,,,
,,,,,,,,,,,,,
,,,,,,,,,,,,,
,,,,,,,,,,,,,
,,,,,,,,,,,,,
,,,,,,,,,,,,,
,,,,,,,,,,,,,
,,,,,,,,,,,,,
,,,,,,,,,,,,,
,,,,,,,,,,,,,
,,,,,,,,,,,,,
,,,,,,,,,,,,,
,,,,,,,,,,,,,
,,,,,,,,,,,,,
,,,,,,,,,,,,,
,,,,,,,,,,,,,
,,,,,,,,,,,,,
,,,,,,,,,,,,,
,,,,,,,,,,,,,
,,,,,,,,,,,,,
,,,,,,,,,,,,,
,,,,,,,,,,,,,
,,,,,,,,,,,,,
,,,,,,,,,,,,,
,,,,,,,,,,,,,
,,,,,,,,,,,,,
,,,,,,,,,,,,,
,,,,,,,,,,,,,
,,,,,,,,,,,,,
,,,,,,,,,,,,,
,,,,,,,,,,,,,
,,,,,,,,,,,,,
,,,,,,,,,,,,,
,,,,,,,,,,,,,
,,,,,,,,,,,,,
,,,,,,,,,,,,,
,,,,,,,,,,,,,
,,,,,,,,,,,,,
,,,,,,,,,,,,,
,,,,,,,,,,,,,
,,,,,,,,,,,,,
,,,,,,,,,,,,,
,,,,,,,,,,,,,
,,,,,,,,,,,,,
,,,,,,,,,,,,,
,,,,,,,,,,,,,
,,,,,,,,,,,,,
,,,,,,,,,,,,,
,,,,,,,,,,,,,
,,,,,,,,,,,,,
,,,,,,,,,,,,,
,,,,,,,,,,,,,
,,,,,,,,,,,,,
,,,,,,,,,,,,,
,,,,,,,,,,,,,
,,,,,,,,,,,,,
,,,,,,,,,,,,,
,,,,,,,,,,,,,
,,,,,,,,,,,,,
,,,,,,,,,,,,,
,,,,,,,,,,,,,
,,,,,,,,,,,,,
,,,,,,,,,,,,,
,,,,,,,,,,,,,
,,,,,,,,,,,,,
,,,,,,,,,,,,,
,,,,,,,,,,,,,
,,,,,,,,,,,,,
,,,,,,,,,,,,,
,,,,,,,,,,,,,
,,,,,,,,,,,,,
,,,,,,,,,,,,,
,,,,,,,,,,,,,
,,,,,,,,,,,,,
,,,,,,,,,,,,,
,,,,,,,,,,,,,
,,,,,,,,,,,,,
,,,,,,,,,,,,,
,,,,,,,,,,,,,
,,,,,,,,,,,,,
,,,,,,,,,,,,,
,,,,,,,,,,,,,
,,,,,,,,,,,,,
,,,,,,,,,,,,,
,,,,,,,,,,,,,
,,,,,,,,,,,,,
,,,,,,,,,,,,,
,,,,,,,,,,,,,
,,,,,,,,,,,,,
,,,,,,,,,,,,,
,,,,,,,,,,,,,
,,,,,,,,,,,,,
,,,,,,,,,,,,,
,,,,,,,,,,,,,
,,,,,,,,,,,,,
,,,,,,,,,,,,,
,,,,,,,,,,,,,
,,,,,,,,,,,,,
,,,,,,,,,,,,,
,,,,,,,,,,,,,
,,,,,,,,,,,,,
,,,,,,,,,,,,,
,,,,,,,,,,,,,
,,,,,,,,,,,,,
,,,,,,,,,,,,,
,,,,,,,,,,,,,
,,,,,,,,,,,,,
,,,,,,,,,,,,,
,,,,,,,,,,,,,
,,,,,,,,,,,,,
,,,,,,,,,,,,,
,,,,,,,,,,,,,
,,,,,,,,,,,,,
,,,,,,,,,,,,,
,,,,,,,,,,,,,
,,,,,,,,,,,,,
,,,,,,,,,,,,,
,,,,,,,,,,,,,
,,,,,,,,,,,,,
,,,,,,,,,,,,,
,,,,,,,,,,,,,
,,,,,,,,,,,,,
,,,,,,,,,,,,,
,,,,,,,,,,,,,
,,,,,,,,,,,,,
,,,,,,,,,,,,,
,,,,,,,,,,,,,
,,,,,,,,,,,,,
,,,,,,,,,,,,,
,,,,,,,,,,,,,
,,,,,,,,,,,,,
,,,,,,,,,,,,,
,,,,,,,,,,,,,
,,,,,,,,,,,,,
,,,,,,,,,,,,,
,,,,,,,,,,,,,
,,,,,,,,,,,,,
,,,,,,,,,,,,,
,,,,,,,,,,,,,
,,,,,,,,,,,,,
,,,,,,,,,,,,,
,,,,,,,,,,,,,
,,,,,,,,,,,,,
,,,,,,,,,,,,,
,,,,,,,,,,,,,
,,,,,,,,,,,,,
,,,,,,,,,,,,,
,,,,,,,,,,,,,
,,,,,,,,,,,,,
,,,,,,,,,,,,,
,,,,,,,,,,,,,
,,,,,,,,,,,,,
,,,,,,,,,,,,,
,,,,,,,,,,,,,
,,,,,,,,,,,,,
,,,,,,,,,,,,,
,,,,,,,,,,,,,
,,,,,,,,,,,,,
,,,,,,,,,,,,,
,,,,,,,,,,,,,
,,,,,,,,,,,,,
,,,,,,,,,,,,,
,,,,,,,,,,,,,
,,,,,,,,,,,,,
,,,,,,,,,,,,,
,,,,,,,,,,,,,
,,,,,,,,,,,,,
,,,,,,,,,,,,,
,,,,,,,,,,,,,
,,,,,,,,,,,,,
,,,,,,,,,,,,,
,,,,,,,,,,,,,
,,,,,,,,,,,,,
,,,,,,,,,,,,,
,,,,,,,,,,,,,
,,,,,,,,,,,,,
,,,,,,,,,,,,,
,,,,,,,,,,,,,
,,,,,,,,,,,,,
,,,,,,,,,,,,,
,,,,,,,,,,,,,
,,,,,,,,,,,,,
,,,,,,,,,,,,,
,,,,,,,,,,,,,
,,,,,,,,,,,,,
,,,,,,,,,,,,,
,,,,,,,,,,,,,
,,,,,,,,,,,,,
,,,,,,,,,,,,,
,,,,,,,,,,,,,
,,,,,,,,,,,,,
,,,,,,,,,,,,,
,,,,,,,,,,,,,
,,,,,,,,,,,,,
,,,,,,,,,,,,,
,,,,,,,,,,,,,
,,,,,,,,,,,,,
,,,,,,,,,,,,,
,,,,,,,,,,,,,
,,,,,,,,,,,,,
,,,,,,,,,,,,,
,,,,,,,,,,,,,
,,,,,,,,,,,,,
,,,,,,,,,,,,,
,,,,,,,,,,,,,
,,,,,,,,,,,,,
,,,,,,,,,,,,,
,,,,,,,,,,,,,
,,,,,,,,,,,,,
,,,,,,,,,,,,,
,,,,,,,,,,,,,
,,,,,,,,,,,,,
,,,,,,,,,,,,,
,,,,,,,,,,,,,
,,,,,,,,,,,,,
,,,,,,,,,,,,,
,,,,,,,,,,,,,
,,,,,,,,,,,,,
,,,,,,,,,,,,,
,,,,,,,,,,,,,
,,,,,,,,,,,,,
,,,,,,,,,,,,,
,,,,,,,,,,,,,
,,,,,,,,,,,,,
,,,,,,,,,,,,,
,,,,,,,,,,,,,
,,,,,,,,,,,,,
,,,,,,,,,,,,,
,,,,,,,,,,,,,
,,,,,,,,,,,,,
,,,,,,,,,,,,,
,,,,,,,,,,,,,
,,,,,,,,,,,,,
,,,,,,,,,,,,,
,,,,,,,,,,,,,
,,,,,,,,,,,,,
,,,,,,,,,,,,,
,,,,,,,,,,,,,
,,,,,,,,,,,,,
,,,,,,,,,,,,,
,,,,,,,,,,,,,
,,,,,,,,,,,,,
,,,,,,,,,,,,,
,,,,,,,,,,,,,
,,,,,,,,,,,,,
,,,,,,,,,,,,,
,,,,,,,,,,,,,
,,,,,,,,,,,,,
,,,,,,,,,,,,,
,,,,,,,,,,,,,
,,,,,,,,,,,,,
,,,,,,,,,,,,,
,,,,,,,,,,,,,
,,,,,,,,,,,,,
,,,,,,,,,,,,,
,,,,,,,,,,,,,
,,,,,,,,,,,,,
,,,,,,,,,,,,,
,,,,,,,,,,,,,
,,,,,,,,,,,,,
,,,,,,,,,,,,,
,,,,,,,,,,,,,
,,,,,,,,,,,,,
,,,,,,,,,,,,,
,,,,,,,,,,,,,
,,,,,,,,,,,,,
,,,,,,,,,,,,,
,,,,,,,,,,,,,
,,,,,,,,,,,,,
,,,,,,,,,,,,,
,,,,,,,,,,,,,
,,,,,,,,,,,,,
,,,,,,,,,,,,,
,,,,,,,,,,,,,
,,,,,,,,,,,,,
,,,,,,,,,,,,,
,,,,,,,,,,,,,
,,,,,,,,,,,,,
,,,,,,,,,,,,,
,,,,,,,,,,,,,
,,,,,,,,,,,,,
,,,,,,,,,,,,,
,,,,,,,,,,,,,
,,,,,,,,,,,,,
,,,,,,,,,,,,,
,,,,,,,,,,,,,
,,,,,,,,,,,,,
,,,,,,,,,,,,,
,,,,,,,,,,,,,
,,,,,,,,,,,,,
,,,,,,,,,,,,,
,,,,,,,,,,,,,
,,,,,,,,,,,,,
,,,,,,,,,,,,,
,,,,,,,,,,,,,
,,,,,,,,,,,,,
,,,,,,,,,,,,,
,,,,,,,,,,,,,
,,,,,,,,,,,,,
,,,,,,,,,,,,,
,,,,,,,,,,,,,
,,,,,,,,,,,,,
,,,,,,,,,,,,,
,,,,,,,,,,,,,
,,,,,,,,,,,,,
,,,,,,,,,,,,,
,,,,,,,,,,,,,
,,,,,,,,,,,,,
,,,,,,,,,,,,,
,,,,,,,,,,,,,
,,,,,,,,,,,,,
,,,,,,,,,,,,,
,,,,,,,,,,,,,
,,,,,,,,,,,,,
,,,,,,,,,,,,,
,,,,,,,,,,,,,
,,,,,,,,,,,,,
,,,,,,,,,,,,,
,,,,,,,,,,,,,
,,,,,,,,,,,,,
,,,,,,,,,,,,,
,,,,,,,,,,,,,
,,,,,,,,,,,,,
,,,,,,,,,,,,,
,,,,,,,,,,,,,
,,,,,,,,,,,,,
,,,,,,,,,,,,,
,,,,,,,,,,,,,
,,,,,,,,,,,,,
,,,,,,,,,,,,,
,,,,,,,,,,,,,
,,,,,,,,,,,,,
,,,,,,,,,,,,,
,,,,,,,,,,,,,
,,,,,,,,,,,,,
,,,,,,,,,,,,,
,,,,,,,,,,,,,
,,,,,,,,,,,,,
,,,,,,,,,,,,,
,,,,,,,,,,,,,
,,,,,,,,,,,,,
,,,,,,,,,,,,,
,,,,,,,,,,,,,
,,,,,,,,,,,,,
,,,,,,,,,,,,,
,,,,,,,,,,,,,
,,,,,,,,,,,,,
,,,,,,,,,,,,,
,,,,,,,,,,,,,
,,,,,,,,,,,,,
,,,,,,,,,,,,,
,,,,,,,,,,,,,
,,,,,,,,,,,,,
,,,,,,,,,,,,,
,,,,,,,,,,,,,
,,,,,,,,,,,,,
,,,,,,,,,,,,,
,,,,,,,,,,,,,
,,,,,,,,,,,,,
,,,,,,,,,,,,,
,,,,,,,,,,,,,
,,,,,,,,,,,,,
,,,,,,,,,,,,,
,,,,,,,,,,,,,
,,,,,,,,,,,,,
,,,,,,,,,,,,,
,,,,,,,,,,,,,
,,,,,,,,,,,,,
,,,,,,,,,,,,,
,,,,,,,,,,,,,
,,,,,,,,,,,,,
,,,,,,,,,,,,,
,,,,,,,,,,,,,
,,,,,,,,,,,,,
,,,,,,,,,,,,,
,,,,,,,,,,,,,
,,,,,,,,,,,,,
,,,,,,,,,,,,,
,,,,,,,,,,,,,
,,,,,,,,,,,,,
,,,,,,,,,,,,,
,,,,,,,,,,,,,
,,,,,,,,,,,,,
,,,,,,,,,,,,,
,,,,,,,,,,,,,
,,,,,,,,,,,,,
,,,,,,,,,,,,,
,,,,,,,,,,,,,
,,,,,,,,,,,,,
,,,,,,,,,,,,,
,,,,,,,,,,,,,
,,,,,,,,,,,,,
,,,,,,,,,,,,,
,,,,,,,,,,,,,
,,,,,,,,,,,,,
,,,,,,,,,,,,,
,,,,,,,,,,,,,
,,,,,,,,,,,,,
,,,,,,,,,,,,,
,,,,,,,,,,,,,
,,,,,,,,,,,,,
,,,,,,,,,,,,,
,,,,,,,,,,,,,
,,,,,,,,,,,,,
,,,,,,,,,,,,,
,,,,,,,,,,,,,
,,,,,,,,,,,,,
,,,,,,,,,,,,,
,,,,,,,,,,,,,
,,,,,,,,,,,,,
,,,,,,,,,,,,,
,,,,,,,,,,,,,
,,,,,,,,,,,,,
,,,,,,,,,,,,,
,,,,,,,,,,,,,
,,,,,,,,,,,,,
,,,,,,,,,,,,,
,,,,,,,,,,,,,
,,,,,,,,,,,,,
,,,,,,,,,,,,,
,,,,,,,,,,,,,
,,,,,,,,,,,,,
,,,,,,,,,,,,,
,,,,,,,,,,,,,
,,,,,,,,,,,,,
,,,,,,,,,,,,,
,,,,,,,,,,,,,
,,,,,,,,,,,,,
,,,,,,,,,,,,,
,,,,,,,,,,,,,
,,,,,,,,,,,,,
,,,,,,,,,,,,,
,,,,,,,,,,,,,
,,,,,,,,,,,,,
,,,,,,,,,,,,,
,,,,,,,,,,,,,
,,,,,,,,,,,,,
,,,,,,,,,,,,,
,,,,,,,,,,,,,
,,,,,,,,,,,,,
,,,,,,,,,,,,,
,,,,,,,,,,,,,
,,,,,,,,,,,,,
,,,,,,,,,,,,,
,,,,,,,,,,,,,
,,,,,,,,,,,,,
,,,,,,,,,,,,,
,,,,,,,,,,,,,
,,,,,,,,,,,,,
,,,,,,,,,,,,,
,,,,,,,,,,,,,
,,,,,,,,,,,,,
,,,,,,,,,,,,,
,,,,,,,,,,,,,
,,,,,,,,,,,,,
,,,,,,,,,,,,,
,,,,,,,,,,,,,
,,,,,,,,,,,,,
,,,,,,,,,,,,,
,,,,,,,,,,,,,
,,,,,,,,,,,,,
,,,,,,,,,,,,,
,,,,,,,,,,,,,
,,,,,,,,,,,,,
,,,,,,,,,,,,,
,,,,,,,,,,,,,
,,,,,,,,,,,,,
,,,,,,,,,,,,,
,,,,,,,,,,,,,
,,,,,,,,,,,,,
,,,,,,,,,,,,,
,,,,,,,,,,,,,
,,,,,,,,,,,,,
,,,,,,,,,,,,,
,,,,,,,,,,,,,
,,,,,,,,,,,,,
,,,,,,,,,,,,,
,,,,,,,,,,,,,
,,,,,,,,,,,,,
,,,,,,,,,,,,,
,,,,,,,,,,,,,
,,,,,,,,,,,,,
,,,,,,,,,,,,,
,,,,,,,,,,,,,
,,,,,,,,,,,,,
,,,,,,,,,,,,,
,,,,,,,,,,,,,
,,,,,,,,,,,,,
,,,,,,,,,,,,,
,,,,,,,,,,,,,
,,,,,,,,,,,,,
,,,,,,,,,,,,,
,,,,,,,,,,,,,
,,,,,,,,,,,,,
,,,,,,,,,,,,,
,,,,,,,,,,,,,
,,,,,,,,,,,,,
,,,,,,,,,,,,,
,,,,,,,,,,,,,
,,,,,,,,,,,,,
,,,,,,,,,,,,,
,,,,,,,,,,,,,
,,,,,,,,,,,,,
,,,,,,,,,,,,,
,,,,,,,,,,,,,
,,,,,,,,,,,,,
,,,,,,,,,,,,,
,,,,,,,,,,,,,
,,,,,,,,,,,,,
,,,,,,,,,,,,,
,,,,,,,,,,,,,
,,,,,,,,,,,,,
,,,,,,,,,,,,,
,,,,,,,,,,,,,
,,,,,,,,,,,,,
,,,,,,,,,,,,,
,,,,,,,,,,,,,
,,,,,,,,,,,,,
,,,,,,,,,,,,,
,,,,,,,,,,,,,
,,,,,,,,,,,,,
,,,,,,,,,,,,,
,,,,,,,,,,,,,
,,,,,,,,,,,,,
,,,,,,,,,,,,,
,,,,,,,,,,,,,
,,,,,,,,,,,,,
,,,,,,,,,,,,,
,,,,,,,,,,,,,
,,,,,,,,,,,,,
,,,,,,,,,,,,,
,,,,,,,,,,,,,
,,,,,,,,,,,,,
,,,,,,,,,,,,,
,,,,,,,,,,,,,
,,,,,,,,,,,,,
,,,,,,,,,,,,,
,,,,,,,,,,,,,
,,,,,,,,,,,,,
,,,,,,,,,,,,,
,,,,,,,,,,,,,
,,,,,,,,,,,,,
,,,,,,,,,,,,,
,,,,,,,,,,,,,
,,,,,,,,,,,,,
,,,,,,,,,,,,,
,,,,,,,,,,,,,
,,,,,,,,,,,,,
,,,,,,,,,,,,,
,,,,,,,,,,,,,
,,,,,,,,,,,,,
,,,,,,,,,,,,,
,,,,,,,,,,,,,
,,,,,,,,,,,,,
,,,,,,,,,,,,,
,,,,,,,,,,,,,
,,,,,,,,,,,,,
,,,,,,,,,,,,,
,,,,,,,,,,,,,
,,,,,,,,,,,,,
,,,,,,,,,,,,,
,,,,,,,,,,,,,
,,,,,,,,,,,,,
,,,,,,,,,,,,,
,,,,,,,,,,,,,
,,,,,,,,,,,,,
,,,,,,,,,,,,,
,,,,,,,,,,,,,
,,,,,,,,,,,,,
,,,,,,,,,,,,,
,,,,,,,,,,,,,
,,,,,,,,,,,,,
,,,,,,,,,,,,,
,,,,,,,,,,,,,
,,,,,,,,,,,,,
,,,,,,,,,,,,,
,,,,,,,,,,,,,
,,,,,,,,,,,,,
,,,,,,,,,,,,,
,,,,,,,,,,,,,
,,,,,,,,,,,,,
,,,,,,,,,,,,,
,,,,,,,,,,,,,
,,,,,,,,,,,,,
,,,,,,,,,,,,,
,,,,,,,,,,,,,
,,,,,,,,,,,,,
,,,,,,,,,,,,,
,,,,,,,,,,,,,
,,,,,,,,,,,,,
,,,,,,,,,,,,,
,,,,,,,,,,,,,
,,,,,,,,,,,,,
,,,,,,,,,,,,,
,,,,,,,,,,,,,
,,,,,,,,,,,,,
,,,,,,,,,,,,,
,,,,,,,,,,,,,
,,,,,,,,,,,,,
,,,,,,,,,,,,,
,,,,,,,,,,,,,
,,,,,,,,,,,,,
,,,,,,,,,,,,,
,,,,,,,,,,,,,
,,,,,,,,,,,,,
,,,,,,,,,,,,,
,,,,,,,,,,,,,
,,,,,,,,,,,,,
,,,,,,,,,,,,,
,,,,,,,,,,,,,
,,,,,,,,,,,,,
,,,,,,,,,,,,,
,,,,,,,,,,,,,
,,,,,,,,,,,,,
,,,,,,,,,,,,,
,,,,,,,,,,,,,
,,,,,,,,,,,,,
,,,,,,,,,,,,,
,,,,,,,,,,,,,
,,,,,,,,,,,,,
,,,,,,,,,,,,,
,,,,,,,,,,,,,
,,,,,,,,,,,,,
,,,,,,,,,,,,,
,,,,,,,,,,,,,
,,,,,,,,,,,,,
,,,,,,,,,,,,,
,,,,,,,,,,,,,
,,,,,,,,,,,,,
,,,,,,,,,,,,,
,,,,,,,,,,,,,
,,,,,,,,,,,,,
,,,,,,,,,,,,,
,,,,,,,,,,,,,
,,,,,,,,,,,,,
,,,,,,,,,,,,,
,,,,,,,,,,,,,
,,,,,,,,,,,,,
,,,,,,,,,,,,,
,,,,,,,,,,,,,
,,,,,,,,,,,,,
,,,,,,,,,,,,,
,,,,,,,,,,,,,
,,,,,,,,,,,,,
,,,,,,,,,,,,,
,,,,,,,,,,,,,
,,,,,,,,,,,,,
,,,,,,,,,,,,,
,,,,,,,,,,,,,
,,,,,,,,,,,,,
,,,,,,,,,,,,,
,,,,,,,,,,,,,
,,,,,,,,,,,,,
,,,,,,,,,,,,,
,,,,,,,,,,,,,
,,,,,,,,,,,,,
,,,,,,,,,,,,,
,,,,,,,,,,,,,
,,,,,,,,,,,,,
,,,,,,,,,,,,,
,,,,,,,,,,,,,
,,,,,,,,,,,,,
,,,,,,,,,,,,,
,,,,,,,,,,,,,
,,,,,,,,,,,,,
,,,,,,,,,,,,,
,,,,,,,,,,,,,
,,,,,,,,,,,,,
,,,,,,,,,,,,,
,,,,,,,,,,,,,
,,,,,,,,,,,,,
,,,,,,,,,,,,,
,,,,,,,,,,,,,
,,,,,,,,,,,,,
,,,,,,,,,,,,,
,,,,,,,,,,,,,
,,,,,,,,,,,,,
,,,,,,,,,,,,,
,,,,,,,,,,,,,
,,,,,,,,,,,,,
,,,,,,,,,,,,,
,,,,,,,,,,,,,
,,,,,,,,,,,,,
,,,,,,,,,,,,,
,,,,,,,,,,,,,
,,,,,,,,,,,,,
,,,,,,,,,,,,,
,,,,,,,,,,,,,
,,,,,,,,,,,,,
,,,,,,,,,,,,,
,,,,,,,,,,,,,
,,,,,,,,,,,,,
,,,,,,,,,,,,,
,,,,,,,,,,,,,
,,,,,,,,,,,,,
,,,,,,,,,,,,,
,,,,,,,,,,,,,
,,,,,,,,,,,,,
,,,,,,,,,,,,,
,,,,,,,,,,,,,
,,,,,,,,,,,,,
,,,,,,,,,,,,,
,,,,,,,,,,,,,
,,,,,,,,,,,,,
,,,,,,,,,,,,,
,,,,,,,,,,,,,
,,,,,,,,,,,,,
,,,,,,,,,,,,,
,,,,,,,,,,,,,
,,,,,,,,,,,,,
,,,,,,,,,,,,,
,,,,,,,,,,,,,
,,,,,,,,,,,,,
,,,,,,,,,,,,,
,,,,,,,,,,,,,
,,,,,,,,,,,,,
,,,,,,,,,,,,,
,,,,,,,,,,,,,
,,,,,,,,,,,,,
,,,,,,,,,,,,,
,,,,,,,,,,,,,
,,,,,,,,,,,,,
,,,,,,,,,,,,,
,,,,,,,,,,,,,
,,,,,,,,,,,,,
,,,,,,,,,,,,,
,,,,,,,,,,,,,
,,,,,,,,,,,,,
,,,,,,,,,,,,,
,,,,,,,,,,,,,
,,,,,,,,,,,,,
,,,,,,,,,,,,,
,,,,,,,,,,,,,
,,,,,,,,,,,,,
,,,,,,,,,,,,,
,,,,,,,,,,,,,
,,,,,,,,,,,,,
,,,,,,,,,,,,,
,,,,,,,,,,,,,
,,,,,,,,,,,,,
,,,,,,,,,,,,,
,,,,,,,,,,,,,
,,,,,,,,,,,,,
,,,,,,,,,,,,,
,,,,,,,,,,,,,
,,,,,,,,,,,,,
,,,,,,,,,,,,,
,,,,,,,,,,,,,
,,,,,,,,,,,,,
,,,,,,,,,,,,,
,,,,,,,,,,,,,
,,,,,,,,,,,,,
,,,,,,,,,,,,,
,,,,,,,,,,,,,
,,,,,,,,,,,,,
,,,,,,,,,,,,,
,,,,,,,,,,,,,
,,,,,,,,,,,,,
,,,,,,,,,,,,,
,,,,,,,,,,,,,
,,,,,,,,,,,,,
,,,,,,,,,,,,,
,,,,,,,,,,,,,
,,,,,,,,,,,,,
,,,,,,,,,,,,,
,,,,,,,,,,,,,
,,,,,,,,,,,,,
,,,,,,,,,,,,,
,,,,,,,,,,,,,
,,,,,,,,,,,,,
,,,,,,,,,,,,,
,,,,,,,,,,,,,
,,,,,,,,,,,,,
,,,,,,,,,,,,,
,,,,,,,,,,,,,
,,,,,,,,,,,,,
,,,,,,,,,,,,,
,,,,,,,,,,,,,
,,,,,,,,,,,,,
,,,,,,,,,,,,,
,,,,,,,,,,,,,
,,,,,,,,,,,,,
,,,,,,,,,,,,,
,,,,,,,,,,,,,
,,,,,,,,,,,,,
,,,,,,,,,,,,,
,,,,,,,,,,,,,
,,,,,,,,,,,,,
,,,,,,,,,,,,,
,,,,,,,,,,,,,
,,,,,,,,,,,,,
,,,,,,,,,,,,,
,,,,,,,,,,,,,
,,,,,,,,,,,,,
,,,,,,,,,,,,,
,,,,,,,,,,,,,
,,,,,,,,,,,,,
,,,,,,,,,,,,,
,,,,,,,,,,,,,
,,,,,,,,,,,,,
,,,,,,,,,,,,,
,,,,,,,,,,,,,
,,,,,,,,,,,,,
,,,,,,,,,,,,,
,,,,,,,,,,,,,
,,,,,,,,,,,,,
,,,,,,,,,,,,,
,,,,,,,,,,,,,
,,,,,,,,,,,,,
,,,,,,,,,,,,,
,,,,,,,,,,,,,
,,,,,,,,,,,,,
,,,,,,,,,,,,,
,,,,,,,,,,,,,
,,,,,,,,,,,,,
,,,,,,,,,,,,,
,,,,,,,,,,,,,
,,,,,,,,,,,,,
,,,,,,,,,,,,,
,,,,,,,,,,,,,
,,,,,,,,,,,,,
,,,,,,,,,,,,,
,,,,,,,,,,,,,
,,,,,,,,,,,,,
,,,,,,,,,,,,,
,,,,,,,,,,,,,
,,,,,,,,,,,,,
,,,,,,,,,,,,,
,,,,,,,,,,,,,
,,,,,,,,,,,,,
,,,,,,,,,,,,,
,,,,,,,,,,,,,
,,,,,,,,,,,,,
,,,,,,,,,,,,,
,,,,,,,,,,,,,
,,,,,,,,,,,,,
,,,,,,,,,,,,,
,,,,,,,,,,,,,
,,,,,,,,,,,,,
,,,,,,,,,,,,,
,,,,,,,,,,,,,
,,,,,,,,,,,,,
,,,,,,,,,,,,,
,,,,,,,,,,,,,
,,,,,,,,,,,,,
,,,,,,,,,,,,,
,,,,,,,,,,,,,
,,,,,,,,,,,,,
,,,,,,,,,,,,,
,,,,,,,,,,,,,
,,,,,,,,,,,,,
,,,,,,,,,,,,,
,,,,,,,,,,,,,
,,,,,,,,,,,,,
,,,,,,,,,,,,,
,,,,,,,,,,,,,
,,,,,,,,,,,,,
,,,,,,,,,,,,,
,,,,,,,,,,,,,
,,,,,,,,,,,,,
,,,,,,,,,,,,,
,,,,,,,,,,,,,
,,,,,,,,,,,,,
,,,,,,,,,,,,,
,,,,,,,,,,,,,
,,,,,,,,,,,,,
,,,,,,,,,,,,,
,,,,,,,,,,,,,
,,,,,,,,,,,,,
,,,,,,,,,,,,,
,,,,,,,,,,,,,
,,,,,,,,,,,,,
,,,,,,,,,,,,,
,,,,,,,,,,,,,
,,,,,,,,,,,,,
,,,,,,,,,,,,,
,,,,,,,,,,,,,
,,,,,,,,,,,,,
,,,,,,,,,,,,,
,,,,,,,,,,,,,
,,,,,,,,,,,,,
,,,,,,,,,,,,,
,,,,,,,,,,,,,
,,,,,,,,,,,,,
,,,,,,,,,,,,,
,,,,,,,,,,,,,
,,,,,,,,,,,,,
,,,,,,,,,,,,,
,,,,,,,,,,,,,
,,,,,,,,,,,,,
,,,,,,,,,,,,,
,,,,,,,,,,,,,
,,,,,,,,,,,,,
,,,,,,,,,,,,,
,,,,,,,,,,,,,
,,,,,,,,,,,,,
,,,,,,,,,,,,,
,,,,,,,,,,,,,
,,,,,,,,,,,,,
,,,,,,,,,,,,,
,,,,,,,,,,,,,
,,,,,,,,,,,,,
,,,,,,,,,,,,,
,,,,,,,,,,,,,
,,,,,,,,,,,,,
,,,,,,,,,,,,,
,,,,,,,,,,,,,
,,,,,,,,,,,,,
,,,,,,,,,,,,,
,,,,,,,,,,,,,
,,,,,,,,,,,,,
,,,,,,,,,,,,,
,,,,,,,,,,,,,
,,,,,,,,,,,,,
,,,,,,,,,,,,,
,,,,,,,,,,,,,
,,,,,,,,,,,,,
,,,,,,,,,,,,,
,,,,,,,,,,,,,
,,,,,,,,,,,,,
,,,,,,,,,,,,,
,,,,,,,,,,,,,
,,,,,,,,,,,,,
,,,,,,,,,,,,,
,,,,,,,,,,,,,
,,,,,,,,,,,,,
,,,,,,,,,,,,,
,,,,,,,,,,,,,
,,,,,,,,,,,,,
,,,,,,,,,,,,,
,,,,,,,,,,,,,
,,,,,,,,,,,,,
,,,,,,,,,,,,,
,,,,,,,,,,,,,
,,,,,,,,,,,,,
,,,,,,,,,,,,,
,,,,,,,,,,,,,
,,,,,,,,,,,,,
,,,,,,,,,,,,,
,,,,,,,,,,,,,
,,,,,,,,,,,,,
,,,,,,,,,,,,,
,,,,,,,,,,,,,
,,,,,,,,,,,,,
,,,,,,,,,,,,,
,,,,,,,,,,,,,
,,,,,,,,,,,,,
,,,,,,,,,,,,,
,,,,,,,,,,,,,
,,,,,,,,,,,,,
,,,,,,,,,,,,,
,,,,,,,,,,,,,
,,,,,,,,,,,,,
,,,,,,,,,,,,,
,,,,,,,,,,,,,
,,,,,,,,,,,,,
,,,,,,,,,,,,,
,,,,,,,,,,,,,
,,,,,,,,,,,,,
,,,,,,,,,,,,,
,,,,,,,,,,,,,
,,,,,,,,,,,,,
,,,,,,,,,,,,,
,,,,,,,,,,,,,
,,,,,,,,,,,,,
,,,,,,,,,,,,,
,,,,,,,,,,,,,
,,,,,,,,,,,,,
,,,,,,,,,,,,,
,,,,,,,,,,,,,
,,,,,,,,,,,,,
,,,,,,,,,,,,,
,,,,,,,,,,,,,
,,,,,,,,,,,,,
,,,,,,,,,,,,,
,,,,,,,,,,,,,
,,,,,,,,,,,,,
,,,,,,,,,,,,,
,,,,,,,,,,,,,
,,,,,,,,,,,,,
,,,,,,,,,,,,,
,,,,,,,,,,,,,
,,,,,,,,,,,,,
,,,,,,,,,,,,,
,,,,,,,,,,,,,
,,,,,,,,,,,,,
,,,,,,,,,,,,,
,,,,,,,,,,,,,
,,,,,,,,,,,,,
,,,,,,,,,,,,,
,,,,,,,,,,,,,
,,,,,,,,,,,,,
,,,,,,,,,,,,,
,,,,,,,,,,,,,
,,,,,,,,,,,,,
,,,,,,,,,,,,,
,,,,,,,,,,,,,
,,,,,,,,,,,,,
,,,,,,,,,,,,,
,,,,,,,,,,,,,
,,,,,,,,,,,,,
,,,,,,,,,,,,,
,,,,,,,,,,,,,
,,,,,,,,,,,,,
,,,,,,,,,,,,,
,,,,,,,,,,,,,
,,,,,,,,,,,,,
,,,,,,,,,,,,,
,,,,,,,,,,,,,
,,,,,,,,,,,,,
,,,,,,,,,,,,,
,,,,,,,,,,,,,
,,,,,,,,,,,,,
,,,,,,,,,,,,,
,,,,,,,,,,,,,
,,,,,,,,,,,,,
,,,,,,,,,,,,,
,,,,,,,,,,,,,
,,,,,,,,,,,,,
,,,,,,,,,,,,,
,,,,,,,,,,,,,
,,,,,,,,,,,,,
,,,,,,,,,,,,,
,,,,,,,,,,,,,
,,,,,,,,,,,,,
,,,,,,,,,,,,,
,,,,,,,,,,,,,
,,,,,,,,,,,,,
,,,,,,,,,,,,,
,,,,,,,,,,,,,
,,,,,,,,,,,,,
,,,,,,,,,,,,,
,,,,,,,,,,,,,
,,,,,,,,,,,,,
,,,,,,,,,,,,,
,,,,,,,,,,,,,
,,,,,,,,,,,,,
,,,,,,,,,,,,,
,,,,,,,,,,,,,
,,,,,,,,,,,,,
,,,,,,,,,,,,,
,,,,,,,,,,,,,
,,,,,,,,,,,,,
,,,,,,,,,,,,,
,,,,,,,,,,,,,
,,,,,,,,,,,,,
,,,,,,,,,,,,,
,,,,,,,,,,,,,
,,,,,,,,,,,,,
,,,,,,,,,,,,,
,,,,,,,,,,,,,
,,,,,,,,,,,,,
,,,,,,,,,,,,,
,,,,,,,,,,,,,
,,,,,,,,,,,,,
,,,,,,,,,,,,,
,,,,,,,,,,,,,
,,,,,,,,,,,,,
,,,,,,,,,,,,,
,,,,,,,,,,,,,
,,,,,,,,,,,,,
,,,,,,,,,,,,,
,,,,,,,,,,,,,
,,,,,,,,,,,,,
,,,,,,,,,,,,,
,,,,,,,,,,,,,
,,,,,,,,,,,,,
,,,,,,,,,,,,,
,,,,,,,,,,,,,
,,,,,,,,,,,,,
,,,,,,,,,,,,,
,,,,,,,,,,,,,
,,,,,,,,,,,,,
,,,,,,,,,,,,,
,,,,,,,,,,,,,
,,,,,,,,,,,,,
,,,,,,,,,,,,,
,,,,,,,,,,,,,
,,,,,,,,,,,,,
,,,,,,,,,,,,,
,,,,,,,,,,,,,
,,,,,,,,,,,,,
,,,,,,,,,,,,,
,,,,,,,,,,,,,
,,,,,,,,,,,,,
,,,,,,,,,,,,,
,,,,,,,,,,,,,
,,,,,,,,,,,,,
,,,,,,,,,,,,,
,,,,,,,,,,,,,
,,,,,,,,,,,,,
,,,,,,,,,,,,,
,,,,,,,,,,,,,
,,,,,,,,,,,,,
,,,,,,,,,,,,,
,,,,,,,,,,,,,
,,,,,,,,,,,,,
,,,,,,,,,,,,,
,,,,,,,,,,,,,
,,,,,,,,,,,,,
,,,,,,,,,,,,,
,,,,,,,,,,,,,
,,,,,,,,,,,,,
,,,,,,,,,,,,,
,,,,,,,,,,,,,
,,,,,,,,,,,,,
,,,,,,,,,,,,,
,,,,,,,,,,,,,
,,,,,,,,,,,,,
,,,,,,,,,,,,,
,,,,,,,,,,,,,
,,,,,,,,,,,,,
,,,,,,,,,,,,,
,,,,,,,,,,,,,
,,,,,,,,,,,,,
,,,,,,,,,,,,,
,,,,,,,,,,,,,
,,,,,,,,,,,,,
,,,,,,,,,,,,,
,,,,,,,,,,,,,
,,,,,,,,,,,,,
,,,,,,,,,,,,,
,,,,,,,,,,,,,
,,,,,,,,,,,,,
,,,,,,,,,,,,,
,,,,,,,,,,,,,
,,,,,,,,,,,,,
,,,,,,,,,,,,,
,,,,,,,,,,,,,
,,,,,,,,,,,,,
,,,,,,,,,,,,,
,,,,,,,,,,,,,
,,,,,,,,,,,,,
,,,,,,,,,,,,,
,,,,,,,,,,,,,
,,,,,,,,,,,,,
,,,,,,,,,,,,,
,,,,,,,,,,,,,
,,,,,,,,,,,,,
,,,,,,,,,,,,,
,,,,,,,,,,,,,
,,,,,,,,,,,,,
,,,,,,,,,,,,,
,,,,,,,,,,,,,
,,,,,,,,,,,,,
,,,,,,,,,,,,,
,,,,,,,,,,,,,
,,,,,,,,,,,,,
,,,,,,,,,,,,,
,,,,,,,,,,,,,
,,,,,,,,,,,,,
,,,,,,,,,,,,,
,,,,,,,,,,,,,
,,,,,,,,,,,,,
,,,,,,,,,,,,,
,,,,,,,,,,,,,
,,,,,,,,,,,,,
,,,,,,,,,,,,,
,,,,,,,,,,,,,
,,,,,,,,,,,,,
,,,,,,,,,,,,,
,,,,,,,,,,,,,
,,,,,,,,,,,,,
,,,,,,,,,,,,,
,,,,,,,,,,,,,
,,,,,,,,,,,,,
,,,,,,,,,,,,,
,,,,,,,,,,,,,
,,,,,,,,,,,,,
,,,,,,,,,,,,,
,,,,,,,,,,,,,
,,,,,,,,,,,,,
,,,,,,,,,,,,,
,,,,,,,,,,,,,
,,,,,,,,,,,,,
,,,,,,,,,,,,,
,,,,,,,,,,,,,
,,,,,,,,,,,,,
,,,,,,,,,,,,,
,,,,,,,,,,,,,
,,,,,,,,,,,,,
,,,,,,,,,,,,,
,,,,,,,,,,,,,
,,,,,,,,,,,,,
,,,,,,,,,,,,,
,,,,,,,,,,,,,
,,,,,,,,,,,,,
,,,,,,,,,,,,,
,,,,,,,,,,,,,
,,,,,,,,,,,,,
,,,,,,,,,,,,,
,,,,,,,,,,,,,
,,,,,,,,,,,,,
,,,,,,,,,,,,,
,,,,,,,,,,,,,
,,,,,,,,,,,,,
,,,,,,,,,,,,,
,,,,,,,,,,,,,
,,,,,,,,,,,,,
,,,,,,,,,,,,,
,,,,,,,,,,,,,
,,,,,,,,,,,,,
,,,,,,,,,,,,,
,,,,,,,,,,,,,
,,,,,,,,,,,,,
,,,,,,,,,,,,,
,,,,,,,,,,,,,
,,,,,,,,,,,,,
,,,,,,,,,,,,,
,,,,,,,,,,,,,
,,,,,,,,,,,,,
,,,,,,,,,,,,,
,,,,,,,,,,,,,
,,,,,,,,,,,,,
,,,,,,,,,,,,,
,,,,,,,,,,,,,
,,,,,,,,,,,,,
,,,,,,,,,,,,,
,,,,,,,,,,,,,
,,,,,,,,,,,,,
,,,,,,,,,,,,,
,,,,,,,,,,,,,
,,,,,,,,,,,,,
,,,,,,,,,,,,,
,,,,,,,,,,,,,
,,,,,,,,,,,,,
,,,,,,,,,,,,,
,,,,,,,,,,,,,
,,,,,,,,,,,,,
,,,,,,,,,,,,,
,,,,,,,,,,,,,
,,,,,,,,,,,,,
,,,,,,,,,,,,,
,,,,,,,,,,,,,
,,,,,,,,,,,,,
,,,,,,,,,,,,,
,,,,,,,,,,,,,
,,,,,,,,,,,,,
,,,,,,,,,,,,,
,,,,,,,,,,,,,
,,,,,,,,,,,,,
,,,,,,,,,,,,,
,,,,,,,,,,,,,
,,,,,,,,,,,,,
,,,,,,,,,,,,,
,,,,,,,,,,,,,
,,,,,,,,,,,,,
,,,,,,,,,,,,,
,,,,,,,,,,,,,
,,,,,,,,,,,,,
,,,,,,,,,,,,,
,,,,,,,,,,,,,
,,,,,,,,,,,,,
,,,,,,,,,,,,,
,,,,,,,,,,,,,
,,,,,,,,,,,,,
,,,,,,,,,,,,,
,,,,,,,,,,,,,
,,,,,,,,,,,,,
,,,,,,,,,,,,,
,,,,,,,,,,,,,
,,,,,,,,,,,,,
,,,,,,,,,,,,,
,,,,,,,,,,,,,
,,,,,,,,,,,,,
,,,,,,,,,,,,,
,,,,,,,,,,,,,
,,,,,,,,,,,,,
,,,,,,,,,,,,,
,,,,,,,,,,,,,
,,,,,,,,,,,,,
,,,,,,,,,,,,,
,,,,,,,,,,,,,
,,,,,,,,,,,,,
,,,,,,,,,,,,,
,,,,,,,,,,,,,
,,,,,,,,,,,,,
,,,,,,,,,,,,,
,,,,,,,,,,,,,
,,,,,,,,,,,,,
,,,,,,,,,,,,,
,,,,,,,,,,,,,
,,,,,,,,,,,,,
,,,,,,,,,,,,,
,,,,,,,,,,,,,
,,,,,,,,,,,,,
,,,,,,,,,,,,,
,,,,,,,,,,,,,
,,,,,,,,,,,,,
,,,,,,,,,,,,,
,,,,,,,,,,,,,
,,,,,,,,,,,,,
,,,,,,,,,,,,,
,,,,,,,,,,,,,
,,,,,,,,,,,,,
,,,,,,,,,,,,,
,,,,,,,,,,,,,
,,,,,,,,,,,,,
,,,,,,,,,,,,,
,,,,,,,,,,,,,
,,,,,,,,,,,,,
,,,,,,,,,,,,,
,,,,,,,,,,,,,
,,,,,,,,,,,,,
,,,,,,,,,,,,,
,,,,,,,,,,,,,
,,,,,,,,,,,,,
,,,,,,,,,,,,,
,,,,,,,,,,,,,
,,,,,,,,,,,,,
,,,,,,,,,,,,,
,,,,,,,,,,,,,
,,,,,,,,,,,,,
,,,,,,,,,,,,,
,,,,,,,,,,,,,
,,,,,,,,,,,,,
,,,,,,,,,,,,,
,,,,,,,,,,,,,
,,,,,,,,,,,,,
,,,,,,,,,,,,,
,,,,,,,,,,,,,
,,,,,,,,,,,,,
,,,,,,,,,,,,,
,,,,,,,,,,,,,
,,,,,,,,,,,,,
,,,,,,,,,,,,,
,,,,,,,,,,,,,
,,,,,,,,,,,,,
,,,,,,,,,,,,,
,,,,,,,,,,,,,
,,,,,,,,,,,,,
,,,,,,,,,,,,,
,,,,,,,,,,,,,
,,,,,,,,,,,,,
,,,,,,,,,,,,,
,,,,,,,,,,,,,
,,,,,,,,,,,,,
,,,,,,,,,,,,,
,,,,,,,,,,,,,
,,,,,,,,,,,,,
,,,,,,,,,,,,,
,,,,,,,,,,,,,
,,,,,,,,,,,,,
,,,,,,,,,,,,,
,,,,,,,,,,,,,
,,,,,,,,,,,,,
,,,,,,,,,,,,,
,,,,,,,,,,,,,
,,,,,,,,,,,,,
,,,,,,,,,,,,,
,,,,,,,,,,,,,
,,,,,,,,,,,,,
,,,,,,,,,,,,,
,,,,,,,,,,,,,
,,,,,,,,,,,,,
,,,,,,,,,,,,,
,,,,,,,,,,,,,
,,,,,,,,,,,,,
,,,,,,,,,,,,,
,,,,,,,,,,,,,
,,,,,,,,,,,,,
,,,,,,,,,,,,,
,,,,,,,,,,,,,
,,,,,,,,,,,,,
,,,,,,,,,,,,,
,,,,,,,,,,,,,
,,,,,,,,,,,,,
,,,,,,,,,,,,,
,,,,,,,,,,,,,
,,,,,,,,,,,,,
,,,,,,,,,,,,,
,,,,,,,,,,,,,
,,,,,,,,,,,,,
,,,,,,,,,,,,,
,,,,,,,,,,,,,
,,,,,,,,,,,,,
,,,,,,,,,,,,,
,,,,,,,,,,,,,
,,,,,,,,,,,,,
,,,,,,,,,,,,,
,,,,,,,,,,,,,
,,,,,,,,,,,,,
,,,,,,,,,,,,,
,,,,,,,,,,,,,
,,,,,,,,,,,,,
,,,,,,,,,,,,,
,,,,,,,,,,,,,
,,,,,,,,,,,,,
,,,,,,,,,,,,,
,,,,,,,,,,,,,
,,,,,,,,,,,,,
,,,,,,,,,,,,,
,,,,,,,,,,,,,
,,,,,,,,,,,,,
,,,,,,,,,,,,,
,,,,,,,,,,,,,
,,,,,,,,,,,,,
,,,,,,,,,,,,,
,,,,,,,,,,,,,
,,,,,,,,,,,,,
,,,,,,,,,,,,,
,,,,,,,,,,,,,
,,,,,,,,,,,,,
